Datetime,Open,High,Low,Close,Volume
2022-11-25 09:30:00,162.0500030517578,162.0500030517578,162.0500030517578,162.0500030517578,0.0
2022-11-25 09:31:00,,,,,
2022-11-25 09:32:00,,,,,
2022-11-25 09:33:00,163.0,163.0,163.0,163.0,1018.0
2022-11-25 09:34:00,,,,,
2022-11-25 09:35:00,,,,,
2022-11-25 09:36:00,,,,,
2022-11-25 09:37:00,,,,,
2022-11-25 09:38:00,,,,,
2022-11-25 09:39:00,,,,,
2022-11-25 09:40:00,162.39999389648438,162.39999389648438,162.1199951171875,162.1199951171875,961.0
2022-11-25 09:41:00,,,,,
2022-11-25 09:42:00,162.19000244140625,162.22999572753906,162.19000244140625,162.22999572753906,634.0
2022-11-25 09:43:00,,,,,
2022-11-25 09:44:00,161.9550018310547,161.9550018310547,161.9550018310547,161.9550018310547,231.0
2022-11-25 09:45:00,161.90499877929688,162.1300048828125,161.90499877929688,162.125,704.0
2022-11-25 09:46:00,162.5,162.5,162.5,162.5,196.0
2022-11-25 09:47:00,,,,,
2022-11-25 09:48:00,162.7899932861328,162.7899932861328,162.7899932861328,162.7899932861328,103.0
2022-11-25 09:49:00,162.7899932861328,162.7899932861328,162.7899932861328,162.7899932861328,676.0
2022-11-25 09:50:00,162.85000610351562,162.8800048828125,162.85000610351562,162.8800048828125,576.0
2022-11-25 09:51:00,162.86000061035156,162.86000061035156,162.63999938964844,162.77999877929688,1617.0
2022-11-25 09:52:00,162.76499938964844,162.76499938964844,162.75999450683594,162.75999450683594,555.0
2022-11-25 09:53:00,,,,,
2022-11-25 09:54:00,162.83999633789062,162.83999633789062,162.83999633789062,162.83999633789062,312.0
2022-11-25 09:55:00,162.67999267578125,162.81500244140625,162.67999267578125,162.81500244140625,2103.0
2022-11-25 09:56:00,,,,,
2022-11-25 09:57:00,,,,,
2022-11-25 09:58:00,162.88999938964844,162.88999938964844,162.88999938964844,162.88999938964844,505.0
2022-11-25 09:59:00,163.00999450683594,163.00999450683594,163.00999450683594,163.00999450683594,1122.0
2022-11-25 10:00:00,,,,,
2022-11-25 10:01:00,,,,,
2022-11-25 10:02:00,,,,,
2022-11-25 10:03:00,163.14500427246094,163.14500427246094,163.14500427246094,163.14500427246094,338.0
2022-11-25 10:04:00,163.14999389648438,163.14999389648438,163.14999389648438,163.14999389648438,523.0
2022-11-25 10:05:00,,,,,
2022-11-25 10:06:00,163.25,163.375,163.25,163.375,352.0
2022-11-25 10:07:00,163.30690002441406,163.30690002441406,163.30690002441406,163.30690002441406,578.0
2022-11-25 10:08:00,,,,,
2022-11-25 10:09:00,,,,,
2022-11-25 10:10:00,163.41000366210938,163.41000366210938,163.41000366210938,163.41000366210938,272.0
2022-11-25 10:11:00,163.40499877929688,163.40499877929688,163.40499877929688,163.40499877929688,294.0
2022-11-25 10:12:00,163.38999938964844,163.38999938964844,163.38999938964844,163.38999938964844,432.0
2022-11-25 10:13:00,,,,,
2022-11-25 10:14:00,,,,,
2022-11-25 10:15:00,163.25,163.25,163.25,163.25,166.0
2022-11-25 10:16:00,163.30999755859375,163.30999755859375,163.30999755859375,163.30999755859375,363.0
2022-11-25 10:17:00,,,,,
2022-11-25 10:18:00,,,,,
2022-11-25 10:19:00,163.25,163.35499572753906,163.25,163.35499572753906,462.0
2022-11-25 10:20:00,163.26499938964844,163.26499938964844,163.26499938964844,163.26499938964844,472.0
2022-11-25 10:21:00,163.2100067138672,163.2100067138672,163.2100067138672,163.2100067138672,413.0
2022-11-25 10:22:00,,,,,
2022-11-25 10:23:00,,,,,
2022-11-25 10:24:00,163.10000610351562,163.10000610351562,163.10000610351562,163.10000610351562,239.0
2022-11-25 10:25:00,163.1199951171875,163.1199951171875,163.1199951171875,163.1199951171875,611.0
2022-11-25 10:26:00,163.05999755859375,163.05999755859375,162.9600067138672,162.9600067138672,4172.0
2022-11-25 10:27:00,,,,,
2022-11-25 10:28:00,,,,,
2022-11-25 10:29:00,,,,,
2022-11-25 10:30:00,,,,,
2022-11-25 10:31:00,,,,,
2022-11-25 10:32:00,162.88999938964844,162.88999938964844,162.88999938964844,162.88999938964844,817.0
2022-11-25 10:33:00,,,,,
2022-11-25 10:34:00,,,,,
2022-11-25 10:35:00,162.5800018310547,162.7899932861328,162.5800018310547,162.6300048828125,899.0
2022-11-25 10:36:00,162.6750030517578,162.6750030517578,162.6750030517578,162.6750030517578,233.0
2022-11-25 10:37:00,162.6750030517578,162.6750030517578,162.6750030517578,162.6750030517578,575.0
2022-11-25 10:38:00,,,,,
2022-11-25 10:39:00,,,,,
2022-11-25 10:40:00,,,,,
2022-11-25 10:41:00,,,,,
2022-11-25 10:42:00,,,,,
2022-11-25 10:43:00,162.77000427246094,162.8699951171875,162.75,162.75,1492.0
2022-11-25 10:44:00,,,,,
2022-11-25 10:45:00,162.85499572753906,162.85499572753906,162.8000030517578,162.8000030517578,592.0
2022-11-25 10:46:00,,,,,
2022-11-25 10:47:00,,,,,
2022-11-25 10:48:00,162.85000610351562,162.85000610351562,162.85000610351562,162.85000610351562,182.0
2022-11-25 10:49:00,162.97000122070312,162.97000122070312,162.97000122070312,162.97000122070312,159.0
2022-11-25 10:50:00,162.80999755859375,162.80999755859375,162.80999755859375,162.80999755859375,268.0
2022-11-25 10:51:00,162.7899932861328,162.7899932861328,162.77999877929688,162.77999877929688,1065.0
2022-11-25 10:52:00,,,,,
2022-11-25 10:53:00,,,,,
2022-11-25 10:54:00,162.80999755859375,162.80999755859375,162.80999755859375,162.80999755859375,1316.0
2022-11-25 10:55:00,,,,,
2022-11-25 10:56:00,162.72999572753906,162.72999572753906,162.72999572753906,162.72999572753906,546.0
2022-11-25 10:57:00,,,,,
2022-11-25 10:58:00,,,,,
2022-11-25 10:59:00,,,,,
2022-11-25 11:00:00,,,,,
2022-11-25 11:01:00,162.61000061035156,162.61000061035156,162.49000549316406,162.49000549316406,809.0
2022-11-25 11:02:00,162.39999389648438,162.39999389648438,162.39999389648438,162.39999389648438,1310.0
2022-11-25 11:03:00,,,,,
2022-11-25 11:04:00,,,,,
2022-11-25 11:05:00,162.33999633789062,162.33999633789062,162.33999633789062,162.33999633789062,713.0
2022-11-25 11:06:00,,,,,
2022-11-25 11:07:00,162.3800048828125,162.5399932861328,162.3800048828125,162.5399932861328,741.0
2022-11-25 11:08:00,,,,,
2022-11-25 11:09:00,162.5800018310547,162.5800018310547,162.5800018310547,162.5800018310547,653.0
2022-11-25 11:10:00,162.560302734375,162.56500244140625,162.560302734375,162.56500244140625,1897.0
2022-11-25 11:11:00,,,,,
2022-11-25 11:12:00,,,,,
2022-11-25 11:13:00,,,,,
2022-11-25 11:14:00,162.27000427246094,162.27000427246094,162.27000427246094,162.27000427246094,235.0
2022-11-25 11:15:00,162.2949981689453,162.2949981689453,162.2949981689453,162.2949981689453,277.0
2022-11-25 11:16:00,,,,,
2022-11-25 11:17:00,162.3000030517578,162.3000030517578,162.1999969482422,162.1999969482422,1772.0
2022-11-25 11:18:00,,,,,
2022-11-25 11:19:00,,,,,
2022-11-25 11:20:00,,,,,
2022-11-25 11:21:00,,,,,
2022-11-25 11:22:00,162.32000732421875,162.32000732421875,162.30999755859375,162.32000732421875,1187.0
2022-11-25 11:23:00,,,,,
2022-11-25 11:24:00,162.0800018310547,162.0800018310547,161.97999572753906,161.97999572753906,1413.0
2022-11-25 11:25:00,,,,,
2022-11-25 11:26:00,,,,,
2022-11-25 11:27:00,,,,,
2022-11-25 11:28:00,161.875,161.875,161.7899932861328,161.7899932861328,822.0
2022-11-25 11:29:00,161.9199981689453,161.9199981689453,161.91000366210938,161.9199981689453,754.0
2022-11-25 11:30:00,,,,,
2022-11-25 11:31:00,161.94000244140625,161.94000244140625,161.94000244140625,161.94000244140625,637.0
2022-11-25 11:32:00,,,,,
2022-11-25 11:33:00,,,,,
2022-11-25 11:34:00,,,,,
2022-11-25 11:35:00,,,,,
2022-11-25 11:36:00,,,,,
2022-11-25 11:37:00,162.05999755859375,162.13999938964844,162.05999755859375,162.13999938964844,571.0
2022-11-25 11:38:00,162.13999938964844,162.13999938964844,161.9499969482422,161.9499969482422,1529.0
2022-11-25 11:39:00,,,,,
2022-11-25 11:40:00,161.89999389648438,161.89999389648438,161.8000030517578,161.8000030517578,1107.0
2022-11-25 11:41:00,,,,,
2022-11-25 11:42:00,,,,,
2022-11-25 11:43:00,161.85000610351562,161.85000610351562,161.8345947265625,161.8345947265625,1893.0
2022-11-25 11:44:00,,,,,
2022-11-25 11:45:00,,,,,
2022-11-25 11:46:00,,,,,
2022-11-25 11:47:00,,,,,
2022-11-25 11:48:00,162.031005859375,162.031005859375,162.02999877929688,162.02999877929688,1042.0
2022-11-25 11:49:00,,,,,
2022-11-25 11:50:00,,,,,
2022-11-25 11:51:00,162.16000366210938,162.17999267578125,162.16000366210938,162.17999267578125,663.0
2022-11-25 11:52:00,162.0800018310547,162.0800018310547,162.0800018310547,162.0800018310547,298.0
2022-11-25 11:53:00,162.0800018310547,162.08999633789062,162.0800018310547,162.08999633789062,435.0
2022-11-25 11:54:00,162.11000061035156,162.11000061035156,162.00999450683594,162.00999450683594,610.0
2022-11-25 11:55:00,162.08999633789062,162.08999633789062,162.08999633789062,162.08999633789062,151.0
2022-11-25 11:56:00,,,,,
2022-11-25 11:57:00,162.02499389648438,162.11000061035156,162.02499389648438,162.11000061035156,1066.0
2022-11-25 11:58:00,,,,,
2022-11-25 11:59:00,,,,,
2022-11-25 12:00:00,162.17999267578125,162.17999267578125,162.17999267578125,162.17999267578125,563.0
2022-11-25 12:01:00,162.1199951171875,162.1199951171875,162.1199951171875,162.1199951171875,261.0
2022-11-25 12:02:00,,,,,
2022-11-25 12:03:00,162.19000244140625,162.19000244140625,162.1300048828125,162.13099670410156,1094.0
2022-11-25 12:04:00,,,,,
2022-11-25 12:05:00,162.1300048828125,162.1300048828125,162.1300048828125,162.1300048828125,323.0
2022-11-25 12:06:00,,,,,
2022-11-25 12:07:00,162.16000366210938,162.16000366210938,162.14999389648438,162.14999389648438,584.0
2022-11-25 12:08:00,162.0399932861328,162.0399932861328,162.0399932861328,162.0399932861328,316.0
2022-11-25 12:09:00,,,,,
2022-11-25 12:10:00,,,,,
2022-11-25 12:11:00,161.99000549316406,161.99000549316406,161.98500061035156,161.98500061035156,330.0
2022-11-25 12:12:00,162.02000427246094,162.02000427246094,162.02000427246094,162.02000427246094,282.0
2022-11-25 12:13:00,161.88999938964844,161.88999938964844,161.88999938964844,161.88999938964844,1409.0
2022-11-25 12:14:00,,,,,
2022-11-25 12:15:00,161.88999938964844,161.88999938964844,161.8699951171875,161.8699951171875,459.0
2022-11-25 12:16:00,161.82000732421875,161.82000732421875,161.82000732421875,161.82000732421875,761.0
2022-11-25 12:17:00,,,,,
2022-11-25 12:18:00,161.8300018310547,161.8300018310547,161.82000732421875,161.82000732421875,704.0
2022-11-25 12:19:00,161.8800048828125,161.91000366210938,161.8800048828125,161.91000366210938,517.0
2022-11-25 12:20:00,161.93499755859375,161.93499755859375,161.86720275878906,161.86720275878906,447.0
2022-11-25 12:21:00,,,,,
2022-11-25 12:22:00,162.0,162.05999755859375,162.0,162.05999755859375,834.0
2022-11-25 12:23:00,,,,,
2022-11-25 12:24:00,,,,,
2022-11-25 12:25:00,162.13999938964844,162.14999389648438,162.0850067138672,162.14999389648438,1141.0
2022-11-25 12:26:00,162.10000610351562,162.10000610351562,162.10000610351562,162.10000610351562,295.0
2022-11-25 12:27:00,,,,,
2022-11-25 12:28:00,162.13999938964844,162.13999938964844,162.13999938964844,162.13999938964844,305.0
2022-11-25 12:29:00,162.16000366210938,162.22000122070312,162.14999389648438,162.19000244140625,1237.0
2022-11-25 12:30:00,162.38999938964844,162.38999938964844,162.3800048828125,162.3800048828125,898.0
2022-11-25 12:31:00,,,,,
2022-11-25 12:32:00,162.42999267578125,162.44000244140625,162.3699951171875,162.3699951171875,1187.0
2022-11-25 12:33:00,162.35000610351562,162.35000610351562,162.35000610351562,162.35000610351562,155.0
2022-11-25 12:34:00,162.3699951171875,162.42999267578125,162.3699951171875,162.42999267578125,1665.0
2022-11-25 12:35:00,162.39999389648438,162.42999267578125,162.39999389648438,162.42999267578125,582.0
2022-11-25 12:36:00,162.44000244140625,162.44000244140625,162.39100646972656,162.44000244140625,1745.0
2022-11-25 12:37:00,,,,,
2022-11-25 12:38:00,162.50999450683594,162.50999450683594,162.44000244140625,162.44000244140625,1049.0
2022-11-25 12:39:00,162.4600067138672,162.55999755859375,162.4600067138672,162.55999755859375,1306.0
2022-11-25 12:40:00,162.47000122070312,162.47000122070312,162.4199981689453,162.4199981689453,1530.0
2022-11-25 12:41:00,162.46400451660156,162.46400451660156,162.46400451660156,162.46400451660156,502.0
2022-11-25 12:42:00,162.4600067138672,162.4600067138672,162.42999267578125,162.42999267578125,655.0
2022-11-25 12:43:00,162.39999389648438,162.4600067138672,162.36000061035156,162.4600067138672,1029.0
2022-11-25 12:44:00,162.49000549316406,162.49000549316406,162.49000549316406,162.49000549316406,703.0
2022-11-25 12:45:00,162.5399932861328,162.5399932861328,162.5399932861328,162.5399932861328,130.0
2022-11-25 12:58:00,,,,,
2022-11-25 13:00:00,162.5399932861328,162.5399932861328,162.5399932861328,162.5399932861328,105890.0
2022-11-28 09:30:00,161.24000549316406,161.24000549316406,161.24000549316406,161.24000549316406,0.0
2022-11-28 09:31:00,,,,,
2022-11-28 09:32:00,,,,,
2022-11-28 09:33:00,,,,,
2022-11-28 09:34:00,,,,,
2022-11-28 09:35:00,,,,,
2022-11-28 09:36:00,,,,,
2022-11-28 09:37:00,,,,,
2022-11-28 09:38:00,,,,,
2022-11-28 09:39:00,161.58999633789062,161.58999633789062,161.58999633789062,161.58999633789062,316.0
2022-11-28 09:40:00,161.3699951171875,161.3699951171875,161.3699951171875,161.3699951171875,578.0
2022-11-28 09:41:00,,,,,
2022-11-28 09:42:00,,,,,
2022-11-28 09:43:00,,,,,
2022-11-28 09:44:00,161.0,161.0,160.5,160.5,914.0
2022-11-28 09:45:00,,,,,
2022-11-28 09:46:00,,,,,
2022-11-28 09:47:00,,,,,
2022-11-28 09:48:00,,,,,
2022-11-28 09:49:00,160.72000122070312,160.72000122070312,160.72000122070312,160.72000122070312,1253.0
2022-11-28 09:50:00,,,,,
2022-11-28 09:51:00,,,,,
2022-11-28 09:52:00,,,,,
2022-11-28 09:53:00,160.69000244140625,160.69000244140625,160.58999633789062,160.58999633789062,761.0
2022-11-28 09:54:00,160.5800018310547,160.5800018310547,160.57000732421875,160.57000732421875,825.0
2022-11-28 09:55:00,160.49000549316406,160.49000549316406,160.49000549316406,160.49000549316406,339.0
2022-11-28 09:56:00,,,,,
2022-11-28 09:57:00,160.27999877929688,160.27999877929688,160.27999877929688,160.27999877929688,959.0
2022-11-28 09:58:00,,,,,
2022-11-28 09:59:00,,,,,
2022-11-28 10:00:00,160.19000244140625,160.19000244140625,160.17999267578125,160.17999267578125,309.0
2022-11-28 10:01:00,160.4499053955078,160.4499053955078,160.4499053955078,160.4499053955078,503.0
2022-11-28 10:02:00,,,,,
2022-11-28 10:03:00,,,,,
2022-11-28 10:04:00,160.07000732421875,160.14999389648438,160.07000732421875,160.07000732421875,1727.0
2022-11-28 10:05:00,,,,,
2022-11-28 10:06:00,,,,,
2022-11-28 10:07:00,,,,,
2022-11-28 10:08:00,160.16000366210938,160.3800048828125,160.1199951171875,160.1199951171875,1645.0
2022-11-28 10:09:00,160.11000061035156,160.11000061035156,160.11000061035156,160.11000061035156,139.0
2022-11-28 10:10:00,160.1999969482422,160.27000427246094,160.1999969482422,160.27000427246094,644.0
2022-11-28 10:11:00,,,,,
2022-11-28 10:12:00,,,,,
2022-11-28 10:13:00,,,,,
2022-11-28 10:14:00,160.25999450683594,160.25999450683594,160.25999450683594,160.25999450683594,250.0
2022-11-28 10:15:00,160.3800048828125,160.3800048828125,160.3800048828125,160.3800048828125,887.0
2022-11-28 10:16:00,,,,,
2022-11-28 10:17:00,,,,,
2022-11-28 10:18:00,,,,,
2022-11-28 10:19:00,,,,,
2022-11-28 10:20:00,,,,,
2022-11-28 10:21:00,,,,,
2022-11-28 10:22:00,160.61000061035156,160.61000061035156,160.61000061035156,160.61000061035156,266.0
2022-11-28 10:23:00,160.4600067138672,160.47000122070312,160.4499969482422,160.47000122070312,645.0
2022-11-28 10:24:00,,,,,
2022-11-28 10:25:00,160.55999755859375,160.55999755859375,160.47999572753906,160.47999572753906,1252.0
2022-11-28 10:26:00,,,,,
2022-11-28 10:27:00,,,,,
2022-11-28 10:28:00,,,,,
2022-11-28 10:29:00,160.66000366210938,160.66000366210938,160.66000366210938,160.66000366210938,451.0
2022-11-28 10:30:00,160.8000030517578,160.8000030517578,160.8000030517578,160.8000030517578,255.0
2022-11-28 10:31:00,,,,,
2022-11-28 10:32:00,,,,,
2022-11-28 10:33:00,,,,,
2022-11-28 10:34:00,,,,,
2022-11-28 10:35:00,,,,,
2022-11-28 10:36:00,161.0500030517578,161.0500030517578,161.0500030517578,161.0500030517578,114.0
2022-11-28 10:37:00,161.13999938964844,161.13999938964844,161.13999938964844,161.13999938964844,916.0
2022-11-28 10:38:00,,,,,
2022-11-28 10:39:00,,,,,
2022-11-28 10:40:00,,,,,
2022-11-28 10:41:00,160.6199951171875,160.64999389648438,160.6199951171875,160.64999389648438,311.0
2022-11-28 10:42:00,160.61500549316406,160.61500549316406,160.61500549316406,160.61500549316406,100.0
2022-11-28 10:43:00,160.67730712890625,160.67999267578125,160.67730712890625,160.67999267578125,687.0
2022-11-28 10:44:00,,,,,
2022-11-28 10:45:00,160.64500427246094,160.64500427246094,160.64500427246094,160.64500427246094,391.0
2022-11-28 10:46:00,,,,,
2022-11-28 10:47:00,,,,,
2022-11-28 10:48:00,160.72999572753906,160.72999572753906,160.72999572753906,160.72999572753906,550.0
2022-11-28 10:49:00,,,,,
2022-11-28 10:50:00,160.52999877929688,160.52999877929688,160.52999877929688,160.52999877929688,371.0
2022-11-28 10:51:00,,,,,
2022-11-28 10:52:00,160.52999877929688,160.52999877929688,160.52999877929688,160.52999877929688,386.0
2022-11-28 10:53:00,,,,,
2022-11-28 10:54:00,160.57000732421875,160.57000732421875,160.57000732421875,160.57000732421875,237.0
2022-11-28 10:55:00,160.46499633789062,160.52000427246094,160.46499633789062,160.46499633789062,1220.0
2022-11-28 10:56:00,,,,,
2022-11-28 10:57:00,,,,,
2022-11-28 10:58:00,,,,,
2022-11-28 10:59:00,160.47000122070312,160.47000122070312,160.47000122070312,160.47000122070312,231.0
2022-11-28 11:00:00,160.5850067138672,160.5850067138672,160.5850067138672,160.5850067138672,174.0
2022-11-28 11:01:00,,,,,
2022-11-28 11:02:00,160.40499877929688,160.40499877929688,160.40499877929688,160.40499877929688,165.0
2022-11-28 11:03:00,160.33999633789062,160.33999633789062,160.33999633789062,160.33999633789062,292.0
2022-11-28 11:04:00,160.08999633789062,160.13999938964844,160.08999633789062,160.13999938964844,454.0
2022-11-28 11:05:00,,,,,
2022-11-28 11:06:00,,,,,
2022-11-28 11:07:00,,,,,
2022-11-28 11:08:00,159.9949951171875,159.9949951171875,159.9949951171875,159.9949951171875,367.0
2022-11-28 11:09:00,,,,,
2022-11-28 11:10:00,,,,,
2022-11-28 11:11:00,,,,,
2022-11-28 11:12:00,159.99459838867188,159.99459838867188,159.99459838867188,159.99459838867188,405.0
2022-11-28 11:13:00,,,,,
2022-11-28 11:14:00,160.0,160.08999633789062,160.0,160.08999633789062,1343.0
2022-11-28 11:15:00,,,,,
2022-11-28 11:16:00,,,,,
2022-11-28 11:17:00,,,,,
2022-11-28 11:18:00,,,,,
2022-11-28 11:19:00,,,,,
2022-11-28 11:20:00,160.05999755859375,160.13999938964844,160.02000427246094,160.05099487304688,2947.0
2022-11-28 11:21:00,,,,,
2022-11-28 11:22:00,,,,,
2022-11-28 11:23:00,,,,,
2022-11-28 11:24:00,,,,,
2022-11-28 11:25:00,160.1999969482422,160.1999969482422,160.1999969482422,160.1999969482422,244.0
2022-11-28 11:26:00,,,,,
2022-11-28 11:27:00,,,,,
2022-11-28 11:28:00,,,,,
2022-11-28 11:29:00,160.10000610351562,160.10000610351562,160.09500122070312,160.09500122070312,527.0
2022-11-28 11:30:00,160.22000122070312,160.22000122070312,160.22000122070312,160.22000122070312,906.0
2022-11-28 11:31:00,,,,,
2022-11-28 11:32:00,,,,,
2022-11-28 11:33:00,160.49000549316406,160.5,160.49000549316406,160.5,878.0
2022-11-28 11:34:00,,,,,
2022-11-28 11:35:00,,,,,
2022-11-28 11:36:00,160.39999389648438,160.39999389648438,160.39999389648438,160.39999389648438,479.0
2022-11-28 11:37:00,160.38999938964844,160.38999938964844,160.3300018310547,160.3300018310547,457.0
2022-11-28 11:38:00,,,,,
2022-11-28 11:39:00,,,,,
2022-11-28 11:40:00,160.47000122070312,160.47000122070312,160.47000122070312,160.47000122070312,605.0
2022-11-28 11:41:00,,,,,
2022-11-28 11:42:00,160.4600067138672,160.4600067138672,160.4600067138672,160.4600067138672,474.0
2022-11-28 11:43:00,,,,,
2022-11-28 11:44:00,,,,,
2022-11-28 11:45:00,,,,,
2022-11-28 11:46:00,,,,,
2022-11-28 11:47:00,160.55999755859375,160.64500427246094,160.55999755859375,160.64500427246094,259.0
2022-11-28 11:48:00,,,,,
2022-11-28 11:49:00,,,,,
2022-11-28 11:50:00,160.63999938964844,160.63999938964844,160.63999938964844,160.63999938964844,281.0
2022-11-28 11:51:00,,,,,
2022-11-28 11:52:00,,,,,
2022-11-28 11:53:00,160.63999938964844,160.84500122070312,160.63999938964844,160.84500122070312,889.0
2022-11-28 11:54:00,,,,,
2022-11-28 11:55:00,,,,,
2022-11-28 11:56:00,,,,,
2022-11-28 11:57:00,160.74000549316406,160.74000549316406,160.74000549316406,160.74000549316406,142.0
2022-11-28 11:58:00,160.74000549316406,160.74000549316406,160.74000549316406,160.74000549316406,401.0
2022-11-28 11:59:00,160.52999877929688,160.5500030517578,160.52999877929688,160.5500030517578,269.0
2022-11-28 12:00:00,160.55999755859375,160.55999755859375,160.55999755859375,160.55999755859375,263.0
2022-11-28 12:01:00,,,,,
2022-11-28 12:02:00,,,,,
2022-11-28 12:03:00,160.4600067138672,160.4600067138672,160.35000610351562,160.35000610351562,411.0
2022-11-28 12:04:00,160.47000122070312,160.47000122070312,160.47000122070312,160.47000122070312,401.0
2022-11-28 12:05:00,160.5800018310547,160.5800018310547,160.5800018310547,160.5800018310547,525.0
2022-11-28 12:06:00,,,,,
2022-11-28 12:07:00,,,,,
2022-11-28 12:08:00,,,,,
2022-11-28 12:09:00,160.97000122070312,160.97000122070312,160.72000122070312,160.72000122070312,481.0
2022-11-28 12:10:00,,,,,
2022-11-28 12:11:00,,,,,
2022-11-28 12:12:00,,,,,
2022-11-28 12:13:00,,,,,
2022-11-28 12:14:00,,,,,
2022-11-28 12:15:00,,,,,
2022-11-28 12:16:00,160.7100067138672,160.7100067138672,160.57000732421875,160.57000732421875,1325.0
2022-11-28 12:17:00,,,,,
2022-11-28 12:18:00,,,,,
2022-11-28 12:19:00,,,,,
2022-11-28 12:20:00,,,,,
2022-11-28 12:21:00,,,,,
2022-11-28 12:22:00,,,,,
2022-11-28 12:23:00,,,,,
2022-11-28 12:24:00,160.77000427246094,160.77000427246094,160.6649932861328,160.6649932861328,496.0
2022-11-28 12:25:00,,,,,
2022-11-28 12:26:00,,,,,
2022-11-28 12:27:00,160.69000244140625,160.6999969482422,160.5601043701172,160.5601043701172,772.0
2022-11-28 12:28:00,160.6168975830078,160.6168975830078,160.6168975830078,160.6168975830078,774.0
2022-11-28 12:29:00,,,,,
2022-11-28 12:30:00,,,,,
2022-11-28 12:31:00,160.75999450683594,160.75999450683594,160.75999450683594,160.75999450683594,508.0
2022-11-28 12:32:00,,,,,
2022-11-28 12:33:00,,,,,
2022-11-28 12:34:00,,,,,
2022-11-28 12:35:00,,,,,
2022-11-28 12:36:00,,,,,
2022-11-28 12:37:00,,,,,
2022-11-28 12:38:00,161.10499572753906,161.10499572753906,161.10499572753906,161.10499572753906,144.0
2022-11-28 12:39:00,,,,,
2022-11-28 12:40:00,,,,,
2022-11-28 12:41:00,160.94000244140625,160.94000244140625,160.8300018310547,160.85499572753906,1141.0
2022-11-28 12:42:00,,,,,
2022-11-28 12:43:00,160.72999572753906,160.72999572753906,160.72999572753906,160.72999572753906,432.0
2022-11-28 12:44:00,,,,,
2022-11-28 12:45:00,,,,,
2022-11-28 12:46:00,,,,,
2022-11-28 12:47:00,,,,,
2022-11-28 12:48:00,,,,,
2022-11-28 12:49:00,,,,,
2022-11-28 12:50:00,160.5500030517578,160.5500030517578,160.47000122070312,160.52000427246094,1059.0
2022-11-28 12:51:00,160.49000549316406,160.49000549316406,160.47999572753906,160.47999572753906,408.0
2022-11-28 12:52:00,,,,,
2022-11-28 12:53:00,160.27999877929688,160.27999877929688,160.27999877929688,160.27999877929688,230.0
2022-11-28 12:54:00,,,,,
2022-11-28 12:55:00,160.22000122070312,160.25999450683594,160.2100067138672,160.2100067138672,716.0
2022-11-28 12:56:00,,,,,
2022-11-28 12:57:00,,,,,
2022-11-28 12:58:00,160.1999969482422,160.1999969482422,160.1999969482422,160.1999969482422,750.0
2022-11-28 12:59:00,,,,,
2022-11-28 13:00:00,,,,,
2022-11-28 13:01:00,,,,,
2022-11-28 13:02:00,,,,,
2022-11-28 13:03:00,,,,,
2022-11-28 13:04:00,,,,,
2022-11-28 13:05:00,160.24000549316406,160.24000549316406,160.22999572753906,160.22999572753906,451.0
2022-11-28 13:06:00,,,,,
2022-11-28 13:07:00,,,,,
2022-11-28 13:08:00,160.281494140625,160.281494140625,160.281494140625,160.281494140625,129.0
2022-11-28 13:09:00,,,,,
2022-11-28 13:10:00,160.22999572753906,160.32000732421875,160.22999572753906,160.32000732421875,942.0
2022-11-28 13:11:00,160.2899932861328,160.2899932861328,160.2899932861328,160.2899932861328,253.0
2022-11-28 13:12:00,,,,,
2022-11-28 13:13:00,160.3350067138672,160.3350067138672,160.32479858398438,160.32479858398438,563.0
2022-11-28 13:14:00,,,,,
2022-11-28 13:15:00,,,,,
2022-11-28 13:16:00,,,,,
2022-11-28 13:17:00,160.2899932861328,160.2899932861328,160.2899932861328,160.2899932861328,178.0
2022-11-28 13:18:00,,,,,
2022-11-28 13:19:00,,,,,
2022-11-28 13:20:00,,,,,
2022-11-28 13:21:00,160.25999450683594,160.25999450683594,160.1300048828125,160.1300048828125,709.0
2022-11-28 13:22:00,,,,,
2022-11-28 13:23:00,160.1199951171875,160.1199951171875,160.1199951171875,160.1199951171875,214.0
2022-11-28 13:24:00,,,,,
2022-11-28 13:25:00,,,,,
2022-11-28 13:26:00,,,,,
2022-11-28 13:27:00,,,,,
2022-11-28 13:28:00,160.02000427246094,160.02000427246094,160.02000427246094,160.02000427246094,446.0
2022-11-28 13:29:00,,,,,
2022-11-28 13:30:00,,,,,
2022-11-28 13:31:00,,,,,
2022-11-28 13:32:00,,,,,
2022-11-28 13:33:00,160.06500244140625,160.06500244140625,160.06500244140625,160.06500244140625,662.0
2022-11-28 13:34:00,,,,,
2022-11-28 13:35:00,,,,,
2022-11-28 13:36:00,,,,,
2022-11-28 13:37:00,,,,,
2022-11-28 13:38:00,,,,,
2022-11-28 13:39:00,,,,,
2022-11-28 13:40:00,,,,,
2022-11-28 13:41:00,,,,,
2022-11-28 13:42:00,160.22000122070312,160.22000122070312,160.22000122070312,160.22000122070312,418.0
2022-11-28 13:43:00,,,,,
2022-11-28 13:44:00,160.10000610351562,160.10000610351562,160.10000610351562,160.10000610351562,321.0
2022-11-28 13:45:00,,,,,
2022-11-28 13:46:00,,,,,
2022-11-28 13:47:00,160.10000610351562,160.10000610351562,160.10000610351562,160.10000610351562,681.0
2022-11-28 13:48:00,,,,,
2022-11-28 13:49:00,,,,,
2022-11-28 13:50:00,,,,,
2022-11-28 13:51:00,160.0399932861328,160.07000732421875,160.02999877929688,160.07000732421875,506.0
2022-11-28 13:52:00,159.99000549316406,160.07000732421875,159.97000122070312,160.07000732421875,602.0
2022-11-28 13:53:00,159.9499969482422,159.9499969482422,159.60000610351562,159.82000732421875,1551.0
2022-11-28 13:54:00,,,,,
2022-11-28 13:55:00,159.72999572753906,159.72999572753906,159.72999572753906,159.72999572753906,313.0
2022-11-28 13:56:00,159.5749969482422,159.5749969482422,159.5749969482422,159.5749969482422,183.0
2022-11-28 13:57:00,,,,,
2022-11-28 13:58:00,159.5800018310547,159.5800018310547,159.5800018310547,159.5800018310547,510.0
2022-11-28 13:59:00,,,,,
2022-11-28 14:00:00,,,,,
2022-11-28 14:01:00,,,,,
2022-11-28 14:02:00,,,,,
2022-11-28 14:03:00,,,,,
2022-11-28 14:04:00,159.47000122070312,159.47000122070312,159.39999389648438,159.39999389648438,513.0
2022-11-28 14:05:00,159.39999389648438,159.4499969482422,159.39999389648438,159.4499969482422,947.0
2022-11-28 14:06:00,,,,,
2022-11-28 14:07:00,159.36000061035156,159.36000061035156,159.36000061035156,159.36000061035156,240.0
2022-11-28 14:08:00,,,,,
2022-11-28 14:09:00,159.2949981689453,159.2949981689453,159.2949981689453,159.2949981689453,117.0
2022-11-28 14:10:00,159.22019958496094,159.22019958496094,159.22019958496094,159.22019958496094,102.0
2022-11-28 14:11:00,159.24000549316406,159.24000549316406,159.24000549316406,159.24000549316406,202.0
2022-11-28 14:12:00,159.16000366210938,159.16000366210938,159.16000366210938,159.16000366210938,145.0
2022-11-28 14:13:00,159.1199951171875,159.13999938964844,159.08419799804688,159.13999938964844,1159.0
2022-11-28 14:14:00,,,,,
2022-11-28 14:15:00,,,,,
2022-11-28 14:16:00,,,,,
2022-11-28 14:17:00,159.11500549316406,159.1300048828125,159.11500549316406,159.1300048828125,989.0
2022-11-28 14:18:00,,,,,
2022-11-28 14:19:00,,,,,
2022-11-28 14:20:00,159.16000366210938,159.16000366210938,159.16000366210938,159.16000366210938,280.0
2022-11-28 14:21:00,,,,,
2022-11-28 14:22:00,159.0399932861328,159.0399932861328,159.02000427246094,159.02000427246094,429.0
2022-11-28 14:23:00,,,,,
2022-11-28 14:24:00,,,,,
2022-11-28 14:25:00,159.02999877929688,159.02999877929688,158.86000061035156,158.86000061035156,1088.0
2022-11-28 14:26:00,159.02000427246094,159.02000427246094,159.02000427246094,159.02000427246094,222.0
2022-11-28 14:27:00,,,,,
2022-11-28 14:28:00,,,,,
2022-11-28 14:29:00,158.8000030517578,158.82000732421875,158.72999572753906,158.72999572753906,525.0
2022-11-28 14:30:00,158.74000549316406,158.74000549316406,158.7100067138672,158.7100067138672,489.0
2022-11-28 14:31:00,158.75,158.75,158.75,158.75,353.0
2022-11-28 14:32:00,158.77999877929688,158.77999877929688,158.74000549316406,158.74000549316406,822.0
2022-11-28 14:33:00,158.8800048828125,158.8800048828125,158.8800048828125,158.8800048828125,231.0
2022-11-28 14:34:00,158.85000610351562,158.85000610351562,158.85000610351562,158.85000610351562,256.0
2022-11-28 14:35:00,158.9199981689453,158.9949951171875,158.9199981689453,158.9949951171875,1192.0
2022-11-28 14:36:00,,,,,
2022-11-28 14:37:00,158.98500061035156,158.98500061035156,158.9199981689453,158.9199981689453,912.0
2022-11-28 14:38:00,,,,,
2022-11-28 14:39:00,159.00999450683594,159.00999450683594,159.00999450683594,159.00999450683594,450.0
2022-11-28 14:40:00,,,,,
2022-11-28 14:41:00,,,,,
2022-11-28 14:42:00,158.97999572753906,158.97999572753906,158.94000244140625,158.94000244140625,899.0
2022-11-28 14:43:00,,,,,
2022-11-28 14:44:00,158.92999267578125,158.92999267578125,158.92999267578125,158.92999267578125,317.0
2022-11-28 14:45:00,,,,,
2022-11-28 14:46:00,,,,,
2022-11-28 14:47:00,158.89999389648438,158.89999389648438,158.75999450683594,158.75999450683594,861.0
2022-11-28 14:48:00,158.73500061035156,158.73500061035156,158.72999572753906,158.72999572753906,542.0
2022-11-28 14:49:00,158.72999572753906,158.7949981689453,158.7100067138672,158.7899932861328,1735.0
2022-11-28 14:50:00,,,,,
2022-11-28 14:51:00,158.7949981689453,158.8350067138672,158.7949981689453,158.8350067138672,597.0
2022-11-28 14:52:00,158.84609985351562,158.84609985351562,158.7100067138672,158.7100067138672,552.0
2022-11-28 14:53:00,158.75,158.75,158.75,158.75,418.0
2022-11-28 14:54:00,,,,,
2022-11-28 14:55:00,,,,,
2022-11-28 14:56:00,,,,,
2022-11-28 14:57:00,158.72000122070312,158.72000122070312,158.72000122070312,158.72000122070312,171.0
2022-11-28 14:58:00,158.67999267578125,158.67999267578125,158.63999938964844,158.63999938964844,572.0
2022-11-28 14:59:00,158.58999633789062,158.58999633789062,158.58999633789062,158.58999633789062,246.0
2022-11-28 15:00:00,,,,,
2022-11-28 15:01:00,158.55999755859375,158.55999755859375,158.55999755859375,158.55999755859375,277.0
2022-11-28 15:02:00,158.59500122070312,158.59500122070312,158.5399932861328,158.5399932861328,885.0
2022-11-28 15:03:00,,,,,
2022-11-28 15:04:00,,,,,
2022-11-28 15:05:00,,,,,
2022-11-28 15:06:00,,,,,
2022-11-28 15:07:00,158.52000427246094,158.52000427246094,158.42999267578125,158.42999267578125,816.0
2022-11-28 15:08:00,,,,,
2022-11-28 15:09:00,,,,,
2022-11-28 15:10:00,,,,,
2022-11-28 15:11:00,158.38999938964844,158.38999938964844,158.38999938964844,158.38999938964844,366.0
2022-11-28 15:12:00,,,,,
2022-11-28 15:13:00,158.39999389648438,158.39999389648438,158.39999389648438,158.39999389648438,330.0
2022-11-28 15:14:00,158.38999938964844,158.38999938964844,158.3800048828125,158.3800048828125,212.0
2022-11-28 15:15:00,158.36000061035156,158.3699951171875,158.2100067138672,158.26499938964844,1848.0
2022-11-28 15:16:00,,,,,
2022-11-28 15:17:00,158.25999450683594,158.25999450683594,158.25999450683594,158.25999450683594,369.0
2022-11-28 15:18:00,158.1999969482422,158.1999969482422,158.1999969482422,158.1999969482422,271.0
2022-11-28 15:19:00,158.22500610351562,158.2899932861328,158.22500610351562,158.2899932861328,16884.0
2022-11-28 15:20:00,,,,,
2022-11-28 15:21:00,158.47689819335938,158.47689819335938,158.47689819335938,158.47689819335938,431.0
2022-11-28 15:22:00,,,,,
2022-11-28 15:23:00,,,,,
2022-11-28 15:24:00,158.44000244140625,158.49000549316406,158.41000366210938,158.41000366210938,1354.0
2022-11-28 15:25:00,158.32000732421875,158.32000732421875,158.32000732421875,158.32000732421875,357.0
2022-11-28 15:26:00,158.27000427246094,158.35000610351562,158.27000427246094,158.35000610351562,968.0
2022-11-28 15:27:00,,,,,
2022-11-28 15:28:00,158.3699951171875,158.3699951171875,158.3699951171875,158.3699951171875,813.0
2022-11-28 15:29:00,158.35000610351562,158.35000610351562,158.35000610351562,158.35000610351562,662.0
2022-11-28 15:30:00,158.33999633789062,158.33999633789062,158.33999633789062,158.33999633789062,391.0
2022-11-28 15:31:00,158.36000061035156,158.36000061035156,158.2899932861328,158.2899932861328,1066.0
2022-11-28 15:32:00,,,,,
2022-11-28 15:33:00,158.3699951171875,158.41000366210938,158.36000061035156,158.36000061035156,965.0
2022-11-28 15:34:00,158.3800048828125,158.3800048828125,158.36000061035156,158.36000061035156,619.0
2022-11-28 15:35:00,158.32000732421875,158.32000732421875,158.25,158.25,512.0
2022-11-28 15:36:00,158.36000061035156,158.44000244140625,158.36000061035156,158.44000244140625,1235.0
2022-11-28 15:37:00,,,,,
2022-11-28 15:38:00,,,,,
2022-11-28 15:39:00,158.35000610351562,158.35000610351562,158.32000732421875,158.3350067138672,1275.0
2022-11-28 15:40:00,,,,,
2022-11-28 15:41:00,158.35000610351562,158.41000366210938,158.35000610351562,158.3800048828125,1933.0
2022-11-28 15:42:00,158.3699951171875,158.3699951171875,158.3300018310547,158.3300018310547,2065.0
2022-11-28 15:43:00,158.3000030517578,158.30999755859375,158.3000030517578,158.30999755859375,608.0
2022-11-28 15:44:00,158.38999938964844,158.42999267578125,158.38999938964844,158.42999267578125,843.0
2022-11-28 15:45:00,,,,,
2022-11-28 15:46:00,158.4600067138672,158.4600067138672,158.4199981689453,158.42999267578125,1823.0
2022-11-28 15:47:00,158.4199981689453,158.42999267578125,158.36000061035156,158.3699951171875,1028.0
2022-11-28 15:48:00,158.39999389648438,158.4199981689453,158.3300018310547,158.4199981689453,1603.0
2022-11-28 15:49:00,158.2100067138672,158.2100067138672,158.2100067138672,158.2100067138672,1444.0
2022-11-28 15:50:00,158.30999755859375,158.39999389648438,158.30999755859375,158.39999389648438,1448.0
2022-11-28 15:51:00,158.39999389648438,158.4499969482422,158.3800048828125,158.44000244140625,1025.0
2022-11-28 15:52:00,158.4199981689453,158.4199981689453,158.38499450683594,158.4199981689453,1071.0
2022-11-28 15:53:00,158.4600067138672,158.5,158.39999389648438,158.39999389648438,3020.0
2022-11-28 15:54:00,158.4199981689453,158.4199981689453,158.35000610351562,158.35000610351562,2416.0
2022-11-28 15:55:00,158.35000610351562,158.35000610351562,158.27999877929688,158.32000732421875,3085.0
2022-11-28 15:56:00,158.36000061035156,158.3800048828125,158.3300018310547,158.3800048828125,3111.0
2022-11-28 15:57:00,158.36000061035156,158.36000061035156,158.22000122070312,158.3000030517578,6133.0
2022-11-28 15:58:00,158.3300018310547,158.44000244140625,158.3300018310547,158.44000244140625,2040.0
2022-11-28 15:59:00,158.47999572753906,158.47999572753906,158.33999633789062,158.47000122070312,6211.0
2022-11-29 09:30:00,158.00999450683594,158.00999450683594,158.00999450683594,158.00999450683594,1753.0
2022-11-29 09:31:00,158.0,158.0,157.5,157.5,751.0
2022-11-29 09:32:00,,,,,
2022-11-29 09:33:00,157.72999572753906,157.75999450683594,157.72999572753906,157.75999450683594,775.0
2022-11-29 09:34:00,,,,,
2022-11-29 09:35:00,158.4499969482422,158.4499969482422,158.4499969482422,158.4499969482422,248.0
2022-11-29 09:36:00,,,,,
2022-11-29 09:37:00,,,,,
2022-11-29 09:38:00,,,,,
2022-11-29 09:39:00,,,,,
2022-11-29 09:40:00,158.29420471191406,158.29420471191406,158.19000244140625,158.19000244140625,311.0
2022-11-29 09:41:00,158.1699981689453,158.22000122070312,158.1699981689453,158.22000122070312,757.0
2022-11-29 09:42:00,,,,,
2022-11-29 09:43:00,,,,,
2022-11-29 09:44:00,157.9600067138672,158.00999450683594,157.7899932861328,158.00999450683594,1304.0
2022-11-29 09:45:00,158.0800018310547,158.0800018310547,158.0800018310547,158.0800018310547,130.0
2022-11-29 09:46:00,,,,,
2022-11-29 09:47:00,,,,,
2022-11-29 09:48:00,,,,,
2022-11-29 09:49:00,,,,,
2022-11-29 09:50:00,157.9149932861328,157.9149932861328,157.9149932861328,157.9149932861328,113.0
2022-11-29 09:51:00,157.72000122070312,157.7550048828125,157.72000122070312,157.7550048828125,428.0
2022-11-29 09:52:00,,,,,
2022-11-29 09:53:00,157.61000061035156,157.61000061035156,157.4499969482422,157.57000732421875,2269.0
2022-11-29 09:54:00,,,,,
2022-11-29 09:55:00,,,,,
2022-11-29 09:56:00,,,,,
2022-11-29 09:57:00,,,,,
2022-11-29 09:58:00,157.72000122070312,157.77000427246094,157.4600067138672,157.4600067138672,2787.0
2022-11-29 09:59:00,,,,,
2022-11-29 10:00:00,157.27499389648438,157.5,157.27499389648438,157.35499572753906,1802.0
2022-11-29 10:01:00,157.57000732421875,157.6699981689453,157.52499389648438,157.5399932861328,2205.0
2022-11-29 10:02:00,157.58999633789062,157.60000610351562,157.50999450683594,157.5749969482422,1476.0
2022-11-29 10:03:00,,,,,
2022-11-29 10:04:00,,,,,
2022-11-29 10:05:00,157.66000366210938,157.66000366210938,157.50999450683594,157.50999450683594,1248.0
2022-11-29 10:06:00,157.6750030517578,157.89999389648438,157.6750030517578,157.80499267578125,1311.0
2022-11-29 10:07:00,157.89999389648438,157.9600067138672,157.89999389648438,157.9600067138672,711.0
2022-11-29 10:08:00,,,,,
2022-11-29 10:09:00,,,,,
2022-11-29 10:10:00,158.0050048828125,158.0050048828125,158.0050048828125,158.0050048828125,499.0
2022-11-29 10:11:00,157.9199981689453,157.97000122070312,157.9199981689453,157.9199981689453,866.0
2022-11-29 10:12:00,157.74000549316406,157.74000549316406,157.74000549316406,157.74000549316406,432.0
2022-11-29 10:13:00,,,,,
2022-11-29 10:14:00,,,,,
2022-11-29 10:15:00,157.77999877929688,157.8800048828125,157.77999877929688,157.8800048828125,935.0
2022-11-29 10:16:00,157.8300018310547,157.8800048828125,157.8300018310547,157.8800048828125,1037.0
2022-11-29 10:17:00,157.8699951171875,157.8699951171875,157.8699951171875,157.8699951171875,245.0
2022-11-29 10:18:00,,,,,
2022-11-29 10:19:00,157.92999267578125,157.92999267578125,157.92999267578125,157.92999267578125,488.0
2022-11-29 10:20:00,,,,,
2022-11-29 10:21:00,,,,,
2022-11-29 10:22:00,,,,,
2022-11-29 10:23:00,,,,,
2022-11-29 10:24:00,,,,,
2022-11-29 10:25:00,158.1199951171875,158.1199951171875,158.1199951171875,158.1199951171875,191.0
2022-11-29 10:26:00,158.0500030517578,158.0500030517578,158.0399932861328,158.0399932861328,447.0
2022-11-29 10:27:00,158.1999969482422,158.1999969482422,157.92889404296875,157.92889404296875,778.0
2022-11-29 10:28:00,157.97500610351562,157.97500610351562,157.97500610351562,157.97500610351562,652.0
2022-11-29 10:29:00,,,,,
2022-11-29 10:30:00,157.9600067138672,157.97999572753906,157.9600067138672,157.97999572753906,643.0
2022-11-29 10:31:00,,,,,
2022-11-29 10:32:00,,,,,
2022-11-29 10:33:00,157.98500061035156,157.98500061035156,157.98500061035156,157.98500061035156,201.0
2022-11-29 10:34:00,157.89999389648438,157.89999389648438,157.89999389648438,157.89999389648438,231.0
2022-11-29 10:35:00,157.97500610351562,157.97500610351562,157.97500610351562,157.97500610351562,1199.0
2022-11-29 10:36:00,157.75,157.75,157.75,157.75,148.0
2022-11-29 10:37:00,,,,,
2022-11-29 10:38:00,157.73500061035156,157.80999755859375,157.73500061035156,157.76499938964844,2669.0
2022-11-29 10:39:00,,,,,
2022-11-29 10:40:00,,,,,
2022-11-29 10:41:00,,,,,
2022-11-29 10:42:00,,,,,
2022-11-29 10:43:00,,,,,
2022-11-29 10:44:00,,,,,
2022-11-29 10:45:00,,,,,
2022-11-29 10:46:00,157.52999877929688,157.52999877929688,157.5,157.5,412.0
2022-11-29 10:47:00,,,,,
2022-11-29 10:48:00,157.61000061035156,157.61000061035156,157.61000061035156,157.61000061035156,701.0
2022-11-29 10:49:00,,,,,
2022-11-29 10:50:00,,,,,
2022-11-29 10:51:00,157.36000061035156,157.36000061035156,157.36000061035156,157.36000061035156,253.0
2022-11-29 10:52:00,157.3699951171875,157.39999389648438,157.3699951171875,157.39999389648438,515.0
2022-11-29 10:53:00,,,,,
2022-11-29 10:54:00,157.1300048828125,157.1300048828125,157.1300048828125,157.1300048828125,450.0
2022-11-29 10:55:00,,,,,
2022-11-29 10:56:00,157.02999877929688,157.02999877929688,157.02999877929688,157.02999877929688,181.0
2022-11-29 10:57:00,157.13499450683594,157.22000122070312,157.13499450683594,157.22000122070312,1635.0
2022-11-29 10:58:00,,,,,
2022-11-29 10:59:00,157.14999389648438,157.14999389648438,157.14999389648438,157.14999389648438,236.0
2022-11-29 11:00:00,157.1699981689453,157.1699981689453,157.1699981689453,157.1699981689453,396.0
2022-11-29 11:01:00,157.08999633789062,157.08999633789062,157.08999633789062,157.08999633789062,194.0
2022-11-29 11:02:00,157.02999877929688,157.02999877929688,157.02999877929688,157.02999877929688,609.0
2022-11-29 11:03:00,,,,,
2022-11-29 11:04:00,156.97000122070312,156.97000122070312,156.89999389648438,156.89999389648438,374.0
2022-11-29 11:05:00,156.92129516601562,156.92129516601562,156.92129516601562,156.92129516601562,529.0
2022-11-29 11:06:00,156.9499969482422,157.1199951171875,156.9499969482422,156.99000549316406,550.0
2022-11-29 11:07:00,157.04269409179688,157.04269409179688,157.04269409179688,157.04269409179688,141.0
2022-11-29 11:08:00,157.00999450683594,157.00999450683594,157.0,157.0,316.0
2022-11-29 11:09:00,156.9199981689453,156.9199981689453,156.8800048828125,156.8800048828125,421.0
2022-11-29 11:10:00,156.97000122070312,156.97000122070312,156.9600067138672,156.9600067138672,557.0
2022-11-29 11:11:00,156.9149932861328,156.9149932861328,156.89999389648438,156.89999389648438,438.0
2022-11-29 11:12:00,,,,,
2022-11-29 11:13:00,,,,,
2022-11-29 11:14:00,,,,,
2022-11-29 11:15:00,,,,,
2022-11-29 11:16:00,156.8000030517578,156.8000030517578,156.8000030517578,156.8000030517578,368.0
2022-11-29 11:17:00,156.80999755859375,156.80999755859375,156.80999755859375,156.80999755859375,444.0
2022-11-29 11:18:00,,,,,
2022-11-29 11:19:00,,,,,
2022-11-29 11:20:00,156.6300048828125,156.6300048828125,156.6300048828125,156.6300048828125,471.0
2022-11-29 11:21:00,156.64999389648438,156.66000366210938,156.64999389648438,156.66000366210938,687.0
2022-11-29 11:22:00,,,,,
2022-11-29 11:23:00,,,,,
2022-11-29 11:24:00,156.6300048828125,156.6300048828125,156.6300048828125,156.6300048828125,250.0
2022-11-29 11:25:00,156.64999389648438,156.67999267578125,156.64999389648438,156.67999267578125,343.0
2022-11-29 11:26:00,,,,,
2022-11-29 11:27:00,,,,,
2022-11-29 11:28:00,156.60499572753906,156.60499572753906,156.60499572753906,156.60499572753906,241.0
2022-11-29 11:29:00,156.5850067138672,156.5850067138672,156.5850067138672,156.5850067138672,349.0
2022-11-29 11:30:00,,,,,
2022-11-29 11:31:00,156.50999450683594,156.50999450683594,156.50999450683594,156.50999450683594,295.0
2022-11-29 11:32:00,,,,,
2022-11-29 11:33:00,156.55999755859375,156.55999755859375,156.55999755859375,156.55999755859375,226.0
2022-11-29 11:34:00,156.63999938964844,156.6999969482422,156.63999938964844,156.6999969482422,800.0
2022-11-29 11:35:00,156.77999877929688,156.77999877929688,156.67999267578125,156.69000244140625,1729.0
2022-11-29 11:36:00,156.7899932861328,156.7899932861328,156.7899932861328,156.7899932861328,396.0
2022-11-29 11:37:00,,,,,
2022-11-29 11:38:00,,,,,
2022-11-29 11:39:00,,,,,
2022-11-29 11:40:00,,,,,
2022-11-29 11:41:00,,,,,
2022-11-29 11:42:00,156.68499755859375,156.68499755859375,156.68499755859375,156.68499755859375,179.0
2022-11-29 11:43:00,156.64999389648438,156.64999389648438,156.64999389648438,156.64999389648438,1015.0
2022-11-29 11:44:00,,,,,
2022-11-29 11:45:00,,,,,
2022-11-29 11:46:00,,,,,
2022-11-29 11:47:00,156.63999938964844,156.63999938964844,156.5449981689453,156.5800018310547,1823.0
2022-11-29 11:48:00,,,,,
2022-11-29 11:49:00,156.5800018310547,156.64999389648438,156.55999755859375,156.57000732421875,1617.0
2022-11-29 11:50:00,,,,,
2022-11-29 11:51:00,156.5500030517578,156.61000061035156,156.52000427246094,156.58999633789062,2713.0
2022-11-29 11:52:00,156.5500030517578,156.5850067138672,156.5500030517578,156.55999755859375,648.0
2022-11-29 11:53:00,156.59500122070312,156.59500122070312,156.5500030517578,156.5500030517578,915.0
2022-11-29 11:54:00,156.58999633789062,156.60000610351562,156.5800018310547,156.60000610351562,504.0
2022-11-29 11:55:00,156.5850067138672,156.64999389648438,156.5850067138672,156.58999633789062,1254.0
2022-11-29 11:56:00,156.63499450683594,156.64999389648438,156.63499450683594,156.64999389648438,743.0
2022-11-29 11:57:00,,,,,
2022-11-29 11:58:00,156.6699981689453,156.6699981689453,156.6699981689453,156.6699981689453,158.0
2022-11-29 11:59:00,156.75999450683594,156.75999450683594,156.75999450683594,156.75999450683594,817.0
2022-11-29 12:00:00,,,,,
2022-11-29 12:01:00,,,,,
2022-11-29 12:02:00,156.60499572753906,156.61000061035156,156.60499572753906,156.60499572753906,318.0
2022-11-29 12:03:00,156.61000061035156,156.6199951171875,156.60499572753906,156.60499572753906,786.0
2022-11-29 12:04:00,156.5800018310547,156.5800018310547,156.5399932861328,156.5399932861328,675.0
2022-11-29 12:05:00,156.5,156.5,156.4499969482422,156.47999572753906,1065.0
2022-11-29 12:06:00,156.47999572753906,156.50999450683594,156.4600067138672,156.50999450683594,766.0
2022-11-29 12:07:00,156.47000122070312,156.47000122070312,156.47000122070312,156.47000122070312,441.0
2022-11-29 12:08:00,156.44000244140625,156.44000244140625,156.3249969482422,156.3249969482422,704.0
2022-11-29 12:09:00,156.32000732421875,156.41000366210938,156.2949981689453,156.33999633789062,1853.0
2022-11-29 12:10:00,,,,,
2022-11-29 12:11:00,156.43179321289062,156.43179321289062,156.3800048828125,156.3800048828125,398.0
2022-11-29 12:12:00,156.33999633789062,156.33999633789062,156.33999633789062,156.33999633789062,111.0
2022-11-29 12:13:00,156.36000061035156,156.39500427246094,156.36000061035156,156.3800048828125,783.0
2022-11-29 12:14:00,156.39500427246094,156.39500427246094,156.3300018310547,156.3300018310547,1177.0
2022-11-29 12:15:00,,,,,
2022-11-29 12:16:00,156.3000030517578,156.3300018310547,156.25999450683594,156.3300018310547,463.0
2022-11-29 12:17:00,156.3300018310547,156.3800048828125,156.3300018310547,156.3800048828125,506.0
2022-11-29 12:18:00,156.3699951171875,156.3699951171875,156.3699951171875,156.3699951171875,122.0
2022-11-29 12:19:00,156.36000061035156,156.4250030517578,156.36000061035156,156.3925018310547,1289.0
2022-11-29 12:20:00,,,,,
2022-11-29 12:21:00,156.33999633789062,156.33999633789062,156.3000030517578,156.3000030517578,442.0
2022-11-29 12:22:00,156.375,156.375,156.375,156.375,481.0
2022-11-29 12:23:00,,,,,
2022-11-29 12:24:00,,,,,
2022-11-29 12:25:00,156.3000030517578,156.3000030517578,156.3000030517578,156.3000030517578,341.0
2022-11-29 12:26:00,156.27999877929688,156.32000732421875,156.27999877929688,156.32000732421875,1016.0
2022-11-29 12:27:00,156.35000610351562,156.35000610351562,156.32000732421875,156.3300018310547,527.0
2022-11-29 12:28:00,156.30999755859375,156.3260955810547,156.30999755859375,156.3260955810547,422.0
2022-11-29 12:29:00,156.2899932861328,156.2899932861328,156.2899932861328,156.2899932861328,204.0
2022-11-29 12:30:00,156.3000030517578,156.32000732421875,156.3000030517578,156.31500244140625,766.0
2022-11-29 12:31:00,,,,,
2022-11-29 12:32:00,156.3300018310547,156.3300018310547,156.3300018310547,156.3300018310547,789.0
2022-11-29 12:33:00,156.3249969482422,156.3249969482422,156.3249969482422,156.3249969482422,202.0
2022-11-29 12:34:00,156.32000732421875,156.32000732421875,156.3000030517578,156.3000030517578,484.0
2022-11-29 12:35:00,156.3300018310547,156.4149932861328,156.3300018310547,156.4149932861328,1300.0
2022-11-29 12:36:00,,,,,
2022-11-29 12:37:00,156.4199981689453,156.49000549316406,156.4149932861328,156.42999267578125,2156.0
2022-11-29 12:38:00,156.49000549316406,156.49000549316406,156.44000244140625,156.44500732421875,1358.0
2022-11-29 12:39:00,156.4499969482422,156.4499969482422,156.44000244140625,156.44000244140625,238.0
2022-11-29 12:40:00,,,,,
2022-11-29 12:41:00,156.4499969482422,156.49000549316406,156.4499969482422,156.4600067138672,1390.0
2022-11-29 12:42:00,156.49000549316406,156.50999450683594,156.47000122070312,156.50999450683594,1438.0
2022-11-29 12:43:00,156.5500030517578,156.5500030517578,156.52000427246094,156.5399932861328,370.0
2022-11-29 12:44:00,156.5399932861328,156.57000732421875,156.5399932861328,156.57000732421875,2131.0
2022-11-29 12:45:00,,,,,
2022-11-29 12:46:00,,,,,
2022-11-29 12:47:00,156.32000732421875,156.32000732421875,156.32000732421875,156.32000732421875,167.0
2022-11-29 12:48:00,156.39999389648438,156.39999389648438,156.39999389648438,156.39999389648438,101.0
2022-11-29 12:49:00,156.39830017089844,156.39830017089844,156.3800048828125,156.3800048828125,320.0
2022-11-29 12:50:00,,,,,
2022-11-29 12:51:00,156.41000366210938,156.41000366210938,156.3800048828125,156.38999938964844,684.0
2022-11-29 12:52:00,156.41000366210938,156.41000366210938,156.41000366210938,156.41000366210938,102.0
2022-11-29 12:53:00,156.41000366210938,156.41000366210938,156.41000366210938,156.41000366210938,273.0
2022-11-29 12:54:00,,,,,
2022-11-29 12:55:00,156.3699951171875,156.3699951171875,156.33999633789062,156.33999633789062,708.0
2022-11-29 12:56:00,156.35000610351562,156.35000610351562,156.35000610351562,156.35000610351562,191.0
2022-11-29 12:57:00,156.3300018310547,156.3300018310547,156.30999755859375,156.30999755859375,674.0
2022-11-29 12:58:00,,,,,
2022-11-29 12:59:00,,,,,
2022-11-29 13:00:00,156.30479431152344,156.30479431152344,156.26499938964844,156.26499938964844,684.0
2022-11-29 13:01:00,,,,,
2022-11-29 13:02:00,156.22000122070312,156.25,156.14999389648438,156.25,977.0
2022-11-29 13:03:00,156.3000030517578,156.32000732421875,156.3000030517578,156.32000732421875,659.0
2022-11-29 13:04:00,,,,,
2022-11-29 13:05:00,156.3300018310547,156.3300018310547,156.3300018310547,156.3300018310547,220.0
2022-11-29 13:06:00,,,,,
2022-11-29 13:07:00,156.3000030517578,156.3000030517578,156.3000030517578,156.3000030517578,276.0
2022-11-29 13:08:00,156.3000030517578,156.3000030517578,156.21499633789062,156.22999572753906,1392.0
2022-11-29 13:09:00,,,,,
2022-11-29 13:10:00,156.16000366210938,156.16000366210938,156.16000366210938,156.16000366210938,355.0
2022-11-29 13:11:00,,,,,
2022-11-29 13:12:00,156.1649932861328,156.17999267578125,156.14100646972656,156.17999267578125,853.0
2022-11-29 13:13:00,156.24000549316406,156.27999877929688,156.24000549316406,156.27000427246094,904.0
2022-11-29 13:14:00,156.22999572753906,156.27000427246094,156.22999572753906,156.27000427246094,629.0
2022-11-29 13:15:00,156.31500244140625,156.31500244140625,156.27000427246094,156.27000427246094,706.0
2022-11-29 13:16:00,,,,,
2022-11-29 13:17:00,156.1300048828125,156.1300048828125,156.0800018310547,156.0800018310547,349.0
2022-11-29 13:18:00,156.0399932861328,156.07000732421875,156.0399932861328,156.07000732421875,359.0
2022-11-29 13:19:00,156.1649932861328,156.1649932861328,156.1649932861328,156.1649932861328,124.0
2022-11-29 13:20:00,,,,,
2022-11-29 13:21:00,156.08999633789062,156.08999633789062,156.08999633789062,156.08999633789062,457.0
2022-11-29 13:22:00,,,,,
2022-11-29 13:23:00,,,,,
2022-11-29 13:24:00,,,,,
2022-11-29 13:25:00,156.03500366210938,156.03500366210938,155.9409942626953,155.9409942626953,1145.0
2022-11-29 13:26:00,155.91000366210938,155.9199981689453,155.88999938964844,155.88999938964844,382.0
2022-11-29 13:27:00,155.875,155.875,155.875,155.875,334.0
2022-11-29 13:28:00,,,,,
2022-11-29 13:29:00,155.75,155.75,155.74000549316406,155.74000549316406,495.0
2022-11-29 13:30:00,155.8000030517578,155.8000030517578,155.8000030517578,155.8000030517578,291.0
2022-11-29 13:31:00,155.75,155.77999877929688,155.7449951171875,155.75999450683594,558.0
2022-11-29 13:32:00,155.77000427246094,155.8000030517578,155.77000427246094,155.8000030517578,1000.0
2022-11-29 13:33:00,155.82000732421875,155.85499572753906,155.82000732421875,155.85499572753906,489.0
2022-11-29 13:34:00,155.91000366210938,155.91000366210938,155.8874969482422,155.91000366210938,1218.0
2022-11-29 13:35:00,155.85000610351562,155.85000610351562,155.85000610351562,155.85000610351562,145.0
2022-11-29 13:36:00,155.8300018310547,155.8300018310547,155.8300018310547,155.8300018310547,105.0
2022-11-29 13:37:00,155.82000732421875,155.82000732421875,155.7899932861328,155.8000030517578,1078.0
2022-11-29 13:38:00,155.8000030517578,155.8000030517578,155.8000030517578,155.8000030517578,104.0
2022-11-29 13:39:00,155.8000030517578,155.8000030517578,155.8000030517578,155.8000030517578,238.0
2022-11-29 13:40:00,,,,,
2022-11-29 13:41:00,,,,,
2022-11-29 13:42:00,155.80999755859375,155.80999755859375,155.75,155.75,460.0
2022-11-29 13:43:00,,,,,
2022-11-29 13:44:00,155.7899932861328,155.7899932861328,155.7899932861328,155.7899932861328,120.0
2022-11-29 13:45:00,155.7899932861328,155.83999633789062,155.7899932861328,155.83999633789062,778.0
2022-11-29 13:46:00,155.8249969482422,155.8249969482422,155.8249969482422,155.8249969482422,141.0
2022-11-29 13:47:00,155.86000061035156,155.89999389648438,155.86000061035156,155.88999938964844,943.0
2022-11-29 13:48:00,155.82000732421875,155.8300018310547,155.82000732421875,155.8300018310547,511.0
2022-11-29 13:49:00,155.72500610351562,155.72500610351562,155.72500610351562,155.72500610351562,512.0
2022-11-29 13:50:00,,,,,
2022-11-29 13:51:00,155.6999969482422,155.6999969482422,155.6999969482422,155.6999969482422,372.0
2022-11-29 13:52:00,155.68499755859375,155.68499755859375,155.68499755859375,155.68499755859375,362.0
2022-11-29 13:53:00,155.6699981689453,155.6699981689453,155.6699981689453,155.6699981689453,410.0
2022-11-29 13:54:00,155.69000244140625,155.69000244140625,155.6699981689453,155.6699981689453,333.0
2022-11-29 13:55:00,155.7449951171875,155.7899932861328,155.7449951171875,155.7899932861328,479.0
2022-11-29 13:56:00,155.75,155.83999633789062,155.72500610351562,155.74000549316406,1620.0
2022-11-29 13:57:00,155.77999877929688,155.77999877929688,155.77999877929688,155.77999877929688,323.0
2022-11-29 13:58:00,155.85000610351562,155.8603973388672,155.85000610351562,155.8603973388672,424.0
2022-11-29 13:59:00,155.86500549316406,155.86500549316406,155.6699981689453,155.77999877929688,7285.0
2022-11-29 14:00:00,155.77999877929688,155.8000030517578,155.7550048828125,155.77000427246094,4166.0
2022-11-29 14:01:00,155.96499633789062,155.96499633789062,155.9250030517578,155.9250030517578,363.0
2022-11-29 14:02:00,155.9499969482422,155.9499969482422,155.9199981689453,155.9250030517578,595.0
2022-11-29 14:03:00,155.9250030517578,156.02000427246094,155.9250030517578,155.99000549316406,1639.0
2022-11-29 14:04:00,155.82000732421875,155.82000732421875,155.82000732421875,155.82000732421875,246.0
2022-11-29 14:05:00,155.97999572753906,155.97999572753906,155.97999572753906,155.97999572753906,1103.0
2022-11-29 14:06:00,,,,,
2022-11-29 14:07:00,,,,,
2022-11-29 14:08:00,,,,,
2022-11-29 14:09:00,155.92999267578125,155.92999267578125,155.92999267578125,155.92999267578125,881.0
2022-11-29 14:10:00,,,,,
2022-11-29 14:11:00,155.72999572753906,155.72999572753906,155.72999572753906,155.72999572753906,566.0
2022-11-29 14:12:00,155.6999969482422,155.75999450683594,155.6999969482422,155.75,1162.0
2022-11-29 14:13:00,155.72000122070312,155.75,155.6999969482422,155.7100067138672,1437.0
2022-11-29 14:14:00,155.6999969482422,155.72000122070312,155.64999389648438,155.64999389648438,2081.0
2022-11-29 14:15:00,155.71499633789062,155.71499633789062,155.71499633789062,155.71499633789062,545.0
2022-11-29 14:16:00,155.6300048828125,155.6300048828125,155.61000061035156,155.61000061035156,407.0
2022-11-29 14:17:00,155.58999633789062,155.58999633789062,155.5500030517578,155.57000732421875,1484.0
2022-11-29 14:18:00,155.63999938964844,155.75999450683594,155.63999938964844,155.75999450683594,1726.0
2022-11-29 14:19:00,,,,,
2022-11-29 14:20:00,155.72000122070312,155.8800048828125,155.7100067138672,155.8800048828125,1124.0
2022-11-29 14:21:00,155.86000061035156,155.86000061035156,155.82000732421875,155.83999633789062,1212.0
2022-11-29 14:22:00,155.83999633789062,155.89999389648438,155.83999633789062,155.89999389648438,1269.0
2022-11-29 14:23:00,155.92999267578125,155.92999267578125,155.92999267578125,155.92999267578125,308.0
2022-11-29 14:24:00,155.9199981689453,155.9499969482422,155.9199981689453,155.9199981689453,673.0
2022-11-29 14:25:00,155.99000549316406,156.0,155.99000549316406,156.0,652.0
2022-11-29 14:26:00,156.00999450683594,156.00999450683594,156.0,156.0,662.0
2022-11-29 14:27:00,155.97999572753906,156.0,155.9499969482422,155.9499969482422,498.0
2022-11-29 14:28:00,155.9499969482422,155.9499969482422,155.9499969482422,155.9499969482422,438.0
2022-11-29 14:29:00,,,,,
2022-11-29 14:30:00,155.9199981689453,155.9199981689453,155.9199981689453,155.9199981689453,214.0
2022-11-29 14:31:00,,,,,
2022-11-29 14:32:00,155.94000244140625,155.94000244140625,155.94000244140625,155.94000244140625,739.0
2022-11-29 14:33:00,,,,,
2022-11-29 14:34:00,,,,,
2022-11-29 14:35:00,156.00999450683594,156.00999450683594,156.00999450683594,156.00999450683594,408.0
2022-11-29 14:36:00,155.99000549316406,155.99000549316406,155.97999572753906,155.97999572753906,438.0
2022-11-29 14:37:00,156.0399932861328,156.0399932861328,156.0399932861328,156.0399932861328,689.0
2022-11-29 14:38:00,155.99000549316406,155.99000549316406,155.85000610351562,155.86000061035156,2011.0
2022-11-29 14:39:00,155.89999389648438,155.89999389648438,155.89999389648438,155.89999389648438,152.0
2022-11-29 14:40:00,,,,,
2022-11-29 14:41:00,155.8800048828125,155.94000244140625,155.8800048828125,155.89999389648438,1225.0
2022-11-29 14:42:00,,,,,
2022-11-29 14:43:00,,,,,
2022-11-29 14:44:00,155.88999938964844,155.88999938964844,155.8800048828125,155.8800048828125,522.0
2022-11-29 14:45:00,155.92999267578125,155.92999267578125,155.92999267578125,155.92999267578125,133.0
2022-11-29 14:46:00,155.9199981689453,155.92999267578125,155.9199981689453,155.92999267578125,1253.0
2022-11-29 14:47:00,155.97000122070312,156.0,155.97000122070312,156.0,1478.0
2022-11-29 14:48:00,156.02000427246094,156.02000427246094,156.02000427246094,156.02000427246094,1131.0
2022-11-29 14:49:00,,,,,
2022-11-29 14:50:00,,,,,
2022-11-29 14:51:00,,,,,
2022-11-29 14:52:00,156.25999450683594,156.30999755859375,156.25999450683594,156.30999755859375,439.0
2022-11-29 14:53:00,156.35000610351562,156.35000610351562,156.2100067138672,156.2100067138672,1327.0
2022-11-29 14:54:00,,,,,
2022-11-29 14:55:00,156.3000030517578,156.3000030517578,156.3000030517578,156.3000030517578,489.0
2022-11-29 14:56:00,,,,,
2022-11-29 14:57:00,,,,,
2022-11-29 14:58:00,156.28500366210938,156.28500366210938,156.28500366210938,156.28500366210938,482.0
2022-11-29 14:59:00,,,,,
2022-11-29 15:00:00,156.3699951171875,156.39999389648438,156.3699951171875,156.39999389648438,530.0
2022-11-29 15:01:00,156.35000610351562,156.35000610351562,156.32000732421875,156.32000732421875,387.0
2022-11-29 15:02:00,156.33999633789062,156.33999633789062,156.22999572753906,156.22999572753906,821.0
2022-11-29 15:03:00,156.1999969482422,156.22999572753906,156.19000244140625,156.19000244140625,679.0
2022-11-29 15:04:00,,,,,
2022-11-29 15:05:00,156.19000244140625,156.19000244140625,156.13999938964844,156.13999938964844,527.0
2022-11-29 15:06:00,156.1699981689453,156.1699981689453,156.1699981689453,156.1699981689453,139.0
2022-11-29 15:07:00,156.13999938964844,156.13999938964844,156.13999938964844,156.13999938964844,151.0
2022-11-29 15:08:00,156.1999969482422,156.1999969482422,156.1999969482422,156.1999969482422,236.0
2022-11-29 15:09:00,156.12060546875,156.12060546875,156.12060546875,156.12060546875,206.0
2022-11-29 15:10:00,156.11000061035156,156.11000061035156,156.08999633789062,156.08999633789062,664.0
2022-11-29 15:11:00,156.00999450683594,156.00999450683594,156.00999450683594,156.00999450683594,227.0
2022-11-29 15:12:00,155.99000549316406,156.01499938964844,155.97999572753906,155.99000549316406,609.0
2022-11-29 15:13:00,155.97999572753906,155.97999572753906,155.97999572753906,155.97999572753906,466.0
2022-11-29 15:14:00,155.97000122070312,155.97000122070312,155.97000122070312,155.97000122070312,220.0
2022-11-29 15:15:00,,,,,
2022-11-29 15:16:00,155.97500610351562,155.97500610351562,155.97500610351562,155.97500610351562,192.0
2022-11-29 15:17:00,155.9499969482422,155.99000549316406,155.9499969482422,155.9499969482422,1823.0
2022-11-29 15:18:00,,,,,
2022-11-29 15:19:00,155.9600067138672,155.9600067138672,155.9499969482422,155.9499969482422,344.0
2022-11-29 15:20:00,155.9499969482422,156.02999877929688,155.94000244140625,156.02999877929688,1586.0
2022-11-29 15:21:00,156.02000427246094,156.05999755859375,156.0,156.05999755859375,1532.0
2022-11-29 15:22:00,156.10000610351562,156.10000610351562,156.10000610351562,156.10000610351562,423.0
2022-11-29 15:23:00,,,,,
2022-11-29 15:24:00,156.05999755859375,156.05999755859375,156.02000427246094,156.0500030517578,1551.0
2022-11-29 15:25:00,156.08999633789062,156.1300048828125,156.08999633789062,156.1300048828125,493.0
2022-11-29 15:26:00,156.07000732421875,156.1300048828125,156.07000732421875,156.1300048828125,530.0
2022-11-29 15:27:00,,,,,
2022-11-29 15:28:00,156.1199951171875,156.1199951171875,156.1199951171875,156.1199951171875,702.0
2022-11-29 15:29:00,156.1750030517578,156.18499755859375,156.14999389648438,156.14999389648438,632.0
2022-11-29 15:30:00,156.2100067138672,156.3350067138672,156.1999969482422,156.3350067138672,2477.0
2022-11-29 15:31:00,,,,,
2022-11-29 15:32:00,156.3300018310547,156.4550018310547,156.3300018310547,156.4550018310547,736.0
2022-11-29 15:33:00,156.42999267578125,156.47999572753906,156.38999938964844,156.47999572753906,3020.0
2022-11-29 15:34:00,156.4600067138672,156.50999450683594,156.4600067138672,156.47000122070312,1244.0
2022-11-29 15:35:00,156.52999877929688,156.6649932861328,156.52999877929688,156.6649932861328,1553.0
2022-11-29 15:36:00,156.6300048828125,156.6300048828125,156.57000732421875,156.61000061035156,1915.0
2022-11-29 15:37:00,,,,,
2022-11-29 15:38:00,,,,,
2022-11-29 15:39:00,,,,,
2022-11-29 15:40:00,156.61000061035156,156.61000061035156,156.5500030517578,156.59500122070312,2508.0
2022-11-29 15:41:00,156.6300048828125,156.63999938964844,156.6300048828125,156.63999938964844,591.0
2022-11-29 15:42:00,,,,,
2022-11-29 15:43:00,156.57000732421875,156.57000732421875,156.55999755859375,156.55999755859375,845.0
2022-11-29 15:44:00,,,,,
2022-11-29 15:45:00,156.2899932861328,156.2899932861328,156.22999572753906,156.22999572753906,993.0
2022-11-29 15:46:00,156.25999450683594,156.27000427246094,156.25999450683594,156.27000427246094,1613.0
2022-11-29 15:47:00,156.22000122070312,156.3000030517578,156.22000122070312,156.3000030517578,1223.0
2022-11-29 15:48:00,156.3000030517578,156.3000030517578,156.3000030517578,156.3000030517578,953.0
2022-11-29 15:49:00,156.27999877929688,156.27999877929688,156.2100067138672,156.2100067138672,1292.0
2022-11-29 15:50:00,156.25,156.27999877929688,156.19000244140625,156.19000244140625,2311.0
2022-11-29 15:51:00,156.17999267578125,156.27000427246094,156.17999267578125,156.25999450683594,1351.0
2022-11-29 15:52:00,156.27999877929688,156.35499572753906,156.25619506835938,156.25619506835938,3003.0
2022-11-29 15:53:00,156.25999450683594,156.35000610351562,156.25999450683594,156.27000427246094,2113.0
2022-11-29 15:54:00,156.2899932861328,156.36000061035156,156.2899932861328,156.36000061035156,1788.0
2022-11-29 15:55:00,156.3699951171875,156.47000122070312,156.3699951171875,156.4499969482422,2879.0
2022-11-29 15:56:00,156.41000366210938,156.55499267578125,156.3699951171875,156.55499267578125,6319.0
2022-11-29 15:57:00,156.52000427246094,156.5800018310547,156.49000549316406,156.5800018310547,4015.0
2022-11-29 15:58:00,156.55999755859375,156.61000061035156,156.52000427246094,156.61000061035156,7963.0
2022-11-29 15:59:00,156.61000061035156,156.68499755859375,156.5,156.5,7276.0
2022-11-30 09:30:00,156.61000061035156,156.61000061035156,156.61000061035156,156.61000061035156,2387.0
2022-11-30 09:31:00,,,,,
2022-11-30 09:32:00,,,,,
2022-11-30 09:33:00,,,,,
2022-11-30 09:34:00,,,,,
2022-11-30 09:35:00,,,,,
2022-11-30 09:36:00,,,,,
2022-11-30 09:37:00,156.69000244140625,156.69000244140625,156.69000244140625,156.69000244140625,420.0
2022-11-30 09:38:00,,,,,
2022-11-30 09:39:00,,,,,
2022-11-30 09:40:00,,,,,
2022-11-30 09:41:00,,,,,
2022-11-30 09:42:00,157.14999389648438,157.14999389648438,157.13900756835938,157.13900756835938,578.0
2022-11-30 09:43:00,,,,,
2022-11-30 09:44:00,156.82000732421875,156.82000732421875,156.82000732421875,156.82000732421875,539.0
2022-11-30 09:45:00,156.82000732421875,156.82000732421875,156.82000732421875,156.82000732421875,346.0
2022-11-30 09:46:00,,,,,
2022-11-30 09:47:00,156.77000427246094,156.77000427246094,156.75999450683594,156.75999450683594,580.0
2022-11-30 09:48:00,,,,,
2022-11-30 09:49:00,156.50999450683594,156.50999450683594,156.50999450683594,156.50999450683594,506.0
2022-11-30 09:50:00,156.69000244140625,156.69000244140625,156.69000244140625,156.69000244140625,213.0
2022-11-30 09:51:00,156.58999633789062,156.58999633789062,156.5500030517578,156.5500030517578,749.0
2022-11-30 09:52:00,,,,,
2022-11-30 09:53:00,,,,,
2022-11-30 09:54:00,156.61000061035156,156.67999267578125,156.5449981689453,156.67999267578125,907.0
2022-11-30 09:55:00,,,,,
2022-11-30 09:56:00,,,,,
2022-11-30 09:57:00,,,,,
2022-11-30 09:58:00,,,,,
2022-11-30 09:59:00,157.0399932861328,157.0399932861328,156.83999633789062,156.83999633789062,855.0
2022-11-30 10:00:00,156.9600067138672,156.99000549316406,156.9499969482422,156.9499969482422,1201.0
2022-11-30 10:01:00,,,,,
2022-11-30 10:02:00,,,,,
2022-11-30 10:03:00,157.00999450683594,157.22000122070312,157.00999450683594,157.22000122070312,267.0
2022-11-30 10:04:00,157.2100067138672,157.2100067138672,157.2100067138672,157.2100067138672,147.0
2022-11-30 10:05:00,,,,,
2022-11-30 10:06:00,157.22500610351562,157.32000732421875,157.2100067138672,157.2100067138672,904.0
2022-11-30 10:07:00,157.1699981689453,157.1699981689453,157.1699981689453,157.1699981689453,284.0
2022-11-30 10:08:00,,,,,
2022-11-30 10:09:00,157.3000030517578,157.3000030517578,157.3000030517578,157.3000030517578,302.0
2022-11-30 10:10:00,,,,,
2022-11-30 10:11:00,,,,,
2022-11-30 10:12:00,157.44000244140625,157.44000244140625,157.44000244140625,157.44000244140625,286.0
2022-11-30 10:13:00,157.39999389648438,157.39999389648438,157.39999389648438,157.39999389648438,1382.0
2022-11-30 10:14:00,,,,,
2022-11-30 10:15:00,,,,,
2022-11-30 10:16:00,,,,,
2022-11-30 10:17:00,,,,,
2022-11-30 10:18:00,,,,,
2022-11-30 10:19:00,,,,,
2022-11-30 10:20:00,,,,,
2022-11-30 10:21:00,,,,,
2022-11-30 10:22:00,,,,,
2022-11-30 10:23:00,,,,,
2022-11-30 10:24:00,,,,,
2022-11-30 10:25:00,,,,,
2022-11-30 10:26:00,156.91000366210938,156.91000366210938,156.91000366210938,156.91000366210938,537.0
2022-11-30 10:27:00,,,,,
2022-11-30 10:28:00,,,,,
2022-11-30 10:29:00,157.0800018310547,157.0800018310547,157.0800018310547,157.0800018310547,568.0
2022-11-30 10:30:00,,,,,
2022-11-30 10:31:00,,,,,
2022-11-30 10:32:00,,,,,
2022-11-30 10:33:00,,,,,
2022-11-30 10:34:00,,,,,
2022-11-30 10:35:00,,,,,
2022-11-30 10:36:00,157.0399932861328,157.0399932861328,157.0399932861328,157.0399932861328,910.0
2022-11-30 10:37:00,,,,,
2022-11-30 10:38:00,,,,,
2022-11-30 10:39:00,,,,,
2022-11-30 10:40:00,157.5,157.5399932861328,157.5,157.5,1963.0
2022-11-30 10:41:00,,,,,
2022-11-30 10:42:00,,,,,
2022-11-30 10:43:00,,,,,
2022-11-30 10:44:00,,,,,
2022-11-30 10:45:00,,,,,
2022-11-30 10:46:00,157.42999267578125,157.42999267578125,157.42999267578125,157.42999267578125,644.0
2022-11-30 10:47:00,,,,,
2022-11-30 10:48:00,,,,,
2022-11-30 10:49:00,,,,,
2022-11-30 10:50:00,,,,,
2022-11-30 10:51:00,157.47500610351562,157.53500366210938,157.47500610351562,157.53500366210938,1639.0
2022-11-30 10:52:00,,,,,
2022-11-30 10:53:00,,,,,
2022-11-30 10:54:00,,,,,
2022-11-30 10:55:00,,,,,
2022-11-30 10:56:00,,,,,
2022-11-30 10:57:00,,,,,
2022-11-30 10:58:00,157.6699981689453,157.6699981689453,157.5500030517578,157.5500030517578,852.0
2022-11-30 10:59:00,,,,,
2022-11-30 11:00:00,,,,,
2022-11-30 11:01:00,,,,,
2022-11-30 11:02:00,,,,,
2022-11-30 11:03:00,,,,,
2022-11-30 11:04:00,157.44000244140625,157.8000030517578,157.44000244140625,157.8000030517578,6574.0
2022-11-30 11:05:00,,,,,
2022-11-30 11:06:00,,,,,
2022-11-30 11:07:00,,,,,
2022-11-30 11:08:00,,,,,
2022-11-30 11:09:00,,,,,
2022-11-30 11:10:00,,,,,
2022-11-30 11:11:00,157.66000366210938,157.7100067138672,157.66000366210938,157.7100067138672,731.0
2022-11-30 11:12:00,,,,,
2022-11-30 11:13:00,,,,,
2022-11-30 11:14:00,157.6999969482422,157.6999969482422,157.69000244140625,157.69000244140625,512.0
2022-11-30 11:15:00,,,,,
2022-11-30 11:16:00,,,,,
2022-11-30 11:17:00,,,,,
2022-11-30 11:18:00,157.41000366210938,157.41000366210938,157.33999633789062,157.33999633789062,286.0
2022-11-30 11:19:00,,,,,
2022-11-30 11:20:00,157.5,157.5,157.5,157.5,455.0
2022-11-30 11:21:00,,,,,
2022-11-30 11:22:00,,,,,
2022-11-30 11:23:00,157.39999389648438,157.39999389648438,157.3350067138672,157.3350067138672,571.0
2022-11-30 11:24:00,,,,,
2022-11-30 11:25:00,157.38999938964844,157.38999938964844,157.38999938964844,157.38999938964844,189.0
2022-11-30 11:26:00,,,,,
2022-11-30 11:27:00,157.39999389648438,157.39999389648438,157.39999389648438,157.39999389648438,554.0
2022-11-30 11:28:00,,,,,
2022-11-30 11:29:00,,,,,
2022-11-30 11:30:00,157.3000030517578,157.3000030517578,157.3000030517578,157.3000030517578,276.0
2022-11-30 11:31:00,,,,,
2022-11-30 11:32:00,,,,,
2022-11-30 11:33:00,,,,,
2022-11-30 11:34:00,157.2550048828125,157.2550048828125,157.2550048828125,157.2550048828125,823.0
2022-11-30 11:35:00,,,,,
2022-11-30 11:36:00,,,,,
2022-11-30 11:37:00,,,,,
2022-11-30 11:38:00,,,,,
2022-11-30 11:39:00,157.3000030517578,157.3000030517578,157.3000030517578,157.3000030517578,564.0
2022-11-30 11:40:00,,,,,
2022-11-30 11:41:00,,,,,
2022-11-30 11:42:00,,,,,
2022-11-30 11:43:00,157.3000030517578,157.42999267578125,157.3000030517578,157.42999267578125,966.0
2022-11-30 11:44:00,157.47000122070312,157.47000122070312,157.47000122070312,157.47000122070312,1292.0
2022-11-30 11:45:00,,,,,
2022-11-30 11:46:00,,,,,
2022-11-30 11:47:00,,,,,
2022-11-30 11:48:00,,,,,
2022-11-30 11:49:00,157.36000061035156,157.52999877929688,157.33999633789062,157.52999877929688,1366.0
2022-11-30 11:50:00,157.57000732421875,157.57000732421875,157.57000732421875,157.57000732421875,302.0
2022-11-30 11:51:00,,,,,
2022-11-30 11:52:00,157.49000549316406,157.49000549316406,157.38999938964844,157.38999938964844,1269.0
2022-11-30 11:53:00,,,,,
2022-11-30 11:54:00,,,,,
2022-11-30 11:55:00,157.30499267578125,157.30499267578125,157.1699981689453,157.1699981689453,1638.0
2022-11-30 11:56:00,157.19000244140625,157.27999877929688,157.19000244140625,157.27999877929688,341.0
2022-11-30 11:57:00,157.19000244140625,157.2100067138672,157.19000244140625,157.1999969482422,868.0
2022-11-30 11:58:00,,,,,
2022-11-30 11:59:00,157.11000061035156,157.11000061035156,157.11000061035156,157.11000061035156,356.0
2022-11-30 12:00:00,157.14999389648438,157.25,157.14999389648438,157.25,819.0
2022-11-30 12:01:00,157.1999969482422,157.2899932861328,157.1999969482422,157.2899932861328,891.0
2022-11-30 12:02:00,,,,,
2022-11-30 12:03:00,,,,,
2022-11-30 12:04:00,157.1999969482422,157.1999969482422,157.1999969482422,157.1999969482422,534.0
2022-11-30 12:05:00,157.0800018310547,157.0800018310547,157.0800018310547,157.0800018310547,848.0
2022-11-30 12:06:00,,,,,
2022-11-30 12:07:00,,,,,
2022-11-30 12:08:00,156.75999450683594,156.86000061035156,156.75999450683594,156.77000427246094,410.0
2022-11-30 12:09:00,156.8350067138672,156.8350067138672,156.77999877929688,156.77999877929688,333.0
2022-11-30 12:10:00,156.7899932861328,156.7899932861328,156.77999877929688,156.77999877929688,508.0
2022-11-30 12:11:00,,,,,
2022-11-30 12:12:00,,,,,
2022-11-30 12:13:00,156.78460693359375,156.78460693359375,156.7100067138672,156.7100067138672,481.0
2022-11-30 12:14:00,156.7899932861328,156.8800048828125,156.7899932861328,156.85000610351562,1069.0
2022-11-30 12:15:00,156.77999877929688,156.77999877929688,156.77999877929688,156.77999877929688,268.0
2022-11-30 12:16:00,,,,,
2022-11-30 12:17:00,156.68499755859375,156.68499755859375,156.68499755859375,156.68499755859375,416.0
2022-11-30 12:18:00,,,,,
2022-11-30 12:19:00,156.50999450683594,156.50999450683594,156.50999450683594,156.50999450683594,403.0
2022-11-30 12:20:00,156.52499389648438,156.52499389648438,156.52499389648438,156.52499389648438,203.0
2022-11-30 12:21:00,,,,,
2022-11-30 12:22:00,156.5052032470703,156.5800018310547,156.5052032470703,156.57989501953125,1618.0
2022-11-30 12:23:00,,,,,
2022-11-30 12:24:00,,,,,
2022-11-30 12:25:00,156.5800018310547,156.5800018310547,156.5800018310547,156.5800018310547,242.0
2022-11-30 12:26:00,156.57000732421875,156.5800018310547,156.57000732421875,156.5800018310547,566.0
2022-11-30 12:27:00,156.5872039794922,156.5872039794922,156.5872039794922,156.5872039794922,564.0
2022-11-30 12:28:00,,,,,
2022-11-30 12:29:00,,,,,
2022-11-30 12:30:00,156.6300048828125,156.67999267578125,156.6300048828125,156.67999267578125,600.0
2022-11-30 12:31:00,,,,,
2022-11-30 12:32:00,156.6999969482422,156.6999969482422,156.6999969482422,156.6999969482422,428.0
2022-11-30 12:33:00,156.69000244140625,156.69000244140625,156.69000244140625,156.69000244140625,409.0
2022-11-30 12:34:00,156.7899932861328,156.91000366210938,156.7899932861328,156.91000366210938,1598.0
2022-11-30 12:35:00,,,,,
2022-11-30 12:36:00,,,,,
2022-11-30 12:37:00,,,,,
2022-11-30 12:38:00,156.77000427246094,156.77000427246094,156.77000427246094,156.77000427246094,236.0
2022-11-30 12:39:00,156.75,156.75,156.72500610351562,156.72500610351562,693.0
2022-11-30 12:40:00,,,,,
2022-11-30 12:41:00,,,,,
2022-11-30 12:42:00,156.77999877929688,156.8800048828125,156.77999877929688,156.8800048828125,1673.0
2022-11-30 12:43:00,,,,,
2022-11-30 12:44:00,156.97000122070312,156.97000122070312,156.89999389648438,156.89999389648438,787.0
2022-11-30 12:45:00,,,,,
2022-11-30 12:46:00,,,,,
2022-11-30 12:47:00,,,,,
2022-11-30 12:48:00,,,,,
2022-11-30 12:49:00,,,,,
2022-11-30 12:50:00,,,,,
2022-11-30 12:51:00,,,,,
2022-11-30 12:52:00,,,,,
2022-11-30 12:53:00,,,,,
2022-11-30 12:54:00,156.8300018310547,156.8300018310547,156.8300018310547,156.8300018310547,496.0
2022-11-30 12:55:00,,,,,
2022-11-30 12:56:00,,,,,
2022-11-30 12:57:00,156.91000366210938,156.91000366210938,156.91000366210938,156.91000366210938,2103.0
2022-11-30 12:58:00,,,,,
2022-11-30 12:59:00,,,,,
2022-11-30 13:00:00,,,,,
2022-11-30 13:01:00,,,,,
2022-11-30 13:02:00,157.0,157.0,157.0,157.0,273.0
2022-11-30 13:03:00,156.97000122070312,156.97000122070312,156.97000122070312,156.97000122070312,425.0
2022-11-30 13:04:00,,,,,
2022-11-30 13:05:00,,,,,
2022-11-30 13:06:00,157.0399932861328,157.08999633789062,157.0399932861328,157.08999633789062,819.0
2022-11-30 13:07:00,157.08999633789062,157.08999633789062,157.08999633789062,157.08999633789062,506.0
2022-11-30 13:08:00,,,,,
2022-11-30 13:09:00,,,,,
2022-11-30 13:10:00,156.99000549316406,156.99000549316406,156.99000549316406,156.99000549316406,517.0
2022-11-30 13:11:00,,,,,
2022-11-30 13:12:00,,,,,
2022-11-30 13:13:00,157.0500030517578,157.0500030517578,156.91000366210938,156.91000366210938,1720.0
2022-11-30 13:14:00,,,,,
2022-11-30 13:15:00,156.9499969482422,156.9499969482422,156.9499969482422,156.9499969482422,199.0
2022-11-30 13:16:00,157.0399932861328,157.10000610351562,157.0399932861328,157.10000610351562,1239.0
2022-11-30 13:17:00,,,,,
2022-11-30 13:18:00,157.0800018310547,157.0800018310547,157.0800018310547,157.0800018310547,132.0
2022-11-30 13:19:00,157.16000366210938,157.16000366210938,157.16000366210938,157.16000366210938,459.0
2022-11-30 13:20:00,,,,,
2022-11-30 13:21:00,,,,,
2022-11-30 13:22:00,,,,,
2022-11-30 13:23:00,157.27999877929688,157.27999877929688,157.1999969482422,157.1999969482422,782.0
2022-11-30 13:24:00,157.35000610351562,157.35000610351562,157.35000610351562,157.35000610351562,239.0
2022-11-30 13:25:00,,,,,
2022-11-30 13:26:00,,,,,
2022-11-30 13:27:00,157.4499969482422,157.4600067138672,157.4499969482422,157.4600067138672,333.0
2022-11-30 13:28:00,157.5,157.55999755859375,157.47999572753906,157.47999572753906,1522.0
2022-11-30 13:29:00,157.3800048828125,157.3800048828125,157.3800048828125,157.3800048828125,253.0
2022-11-30 13:30:00,157.27000427246094,157.83999633789062,157.27000427246094,157.83999633789062,558.0
2022-11-30 13:31:00,158.13999938964844,158.13999938964844,157.6999969482422,157.6999969482422,347.0
2022-11-30 13:32:00,157.8000030517578,157.82000732421875,157.8000030517578,157.82000732421875,545.0
2022-11-30 13:33:00,157.80999755859375,157.80999755859375,157.80999755859375,157.80999755859375,654.0
2022-11-30 13:34:00,157.77000427246094,157.77000427246094,157.7100067138672,157.7100067138672,504.0
2022-11-30 13:35:00,157.9600067138672,157.9600067138672,157.75999450683594,157.75999450683594,1675.0
2022-11-30 13:36:00,,,,,
2022-11-30 13:37:00,,,,,
2022-11-30 13:38:00,158.10000610351562,158.10000610351562,158.10000610351562,158.10000610351562,1326.0
2022-11-30 13:39:00,158.22999572753906,158.22999572753906,158.22999572753906,158.22999572753906,347.0
2022-11-30 13:40:00,158.3699951171875,158.4600067138672,158.33999633789062,158.33999633789062,5738.0
2022-11-30 13:41:00,158.2899932861328,158.2899932861328,158.27999877929688,158.27999877929688,497.0
2022-11-30 13:42:00,158.17999267578125,158.17999267578125,158.11000061035156,158.11000061035156,1135.0
2022-11-30 13:43:00,,,,,
2022-11-30 13:44:00,157.92999267578125,158.02000427246094,157.89999389648438,158.02000427246094,1470.0
2022-11-30 13:45:00,,,,,
2022-11-30 13:46:00,157.73500061035156,157.73500061035156,157.73500061035156,157.73500061035156,549.0
2022-11-30 13:47:00,157.94000244140625,157.94000244140625,157.94000244140625,157.94000244140625,437.0
2022-11-30 13:48:00,,,,,
2022-11-30 13:49:00,158.05999755859375,158.05999755859375,158.0500030517578,158.0500030517578,1343.0
2022-11-30 13:50:00,,,,,
2022-11-30 13:51:00,,,,,
2022-11-30 13:52:00,158.02000427246094,158.02000427246094,158.02000427246094,158.02000427246094,267.0
2022-11-30 13:53:00,158.05999755859375,158.05999755859375,158.05999755859375,158.05999755859375,270.0
2022-11-30 13:54:00,158.06500244140625,158.14999389648438,158.06500244140625,158.14999389648438,1153.0
2022-11-30 13:55:00,,,,,
2022-11-30 13:56:00,,,,,
2022-11-30 13:57:00,158.2100067138672,158.2100067138672,158.19000244140625,158.19000244140625,735.0
2022-11-30 13:58:00,158.3699951171875,158.57000732421875,158.36000061035156,158.57000732421875,8663.0
2022-11-30 13:59:00,158.5800018310547,158.5800018310547,158.4600067138672,158.4600067138672,1576.0
2022-11-30 14:00:00,158.5399932861328,158.63999938964844,158.5399932861328,158.63999938964844,464.0
2022-11-30 14:01:00,,,,,
2022-11-30 14:02:00,158.63499450683594,158.7100067138672,158.52999877929688,158.5500030517578,1676.0
2022-11-30 14:03:00,158.61000061035156,158.64999389648438,158.61000061035156,158.64999389648438,865.0
2022-11-30 14:04:00,,,,,
2022-11-30 14:05:00,158.60000610351562,158.66000366210938,158.58999633789062,158.58999633789062,2047.0
2022-11-30 14:06:00,158.66000366210938,158.66000366210938,158.66000366210938,158.66000366210938,295.0
2022-11-30 14:07:00,158.6199951171875,158.6199951171875,158.4600067138672,158.4600067138672,1430.0
2022-11-30 14:08:00,158.27999877929688,158.41000366210938,158.27999877929688,158.38999938964844,948.0
2022-11-30 14:09:00,158.47999572753906,158.47999572753906,158.47999572753906,158.47999572753906,217.0
2022-11-30 14:10:00,158.75999450683594,158.81500244140625,158.75,158.75,472.0
2022-11-30 14:11:00,158.75,158.75,158.6300048828125,158.6300048828125,1134.0
2022-11-30 14:12:00,,,,,
2022-11-30 14:13:00,158.52000427246094,158.52000427246094,158.3800048828125,158.47000122070312,1019.0
2022-11-30 14:14:00,158.5500030517578,158.5500030517578,158.5500030517578,158.5500030517578,124.0
2022-11-30 14:15:00,158.63999938964844,158.63999938964844,158.5500030517578,158.5500030517578,1033.0
2022-11-30 14:16:00,158.60000610351562,158.7100067138672,158.60000610351562,158.66000366210938,6234.0
2022-11-30 14:17:00,158.8000030517578,159.0850067138672,158.76499938964844,159.0850067138672,1421.0
2022-11-30 14:18:00,159.0850067138672,159.14500427246094,159.0850067138672,159.14500427246094,305.0
2022-11-30 14:19:00,159.2449951171875,159.4149932861328,159.2449951171875,159.4149932861328,552.0
2022-11-30 14:20:00,159.44000244140625,159.44000244140625,159.17999267578125,159.18499755859375,1909.0
2022-11-30 14:21:00,159.11000061035156,159.5399932861328,159.10000610351562,159.5399932861328,1957.0
2022-11-30 14:22:00,159.6199951171875,159.6199951171875,159.6199951171875,159.6199951171875,338.0
2022-11-30 14:23:00,,,,,
2022-11-30 14:24:00,159.66000366210938,159.66000366210938,159.64500427246094,159.64500427246094,347.0
2022-11-30 14:25:00,159.5,159.5,159.47999572753906,159.47999572753906,664.0
2022-11-30 14:26:00,159.5399932861328,159.5399932861328,159.50999450683594,159.50999450683594,507.0
2022-11-30 14:27:00,159.5,159.5,159.5,159.5,697.0
2022-11-30 14:28:00,159.52000427246094,159.55999755859375,159.52000427246094,159.55999755859375,667.0
2022-11-30 14:29:00,,,,,
2022-11-30 14:30:00,159.6199951171875,159.6199951171875,159.6199951171875,159.6199951171875,119.0
2022-11-30 14:31:00,159.63999938964844,159.63999938964844,159.55999755859375,159.55999755859375,1181.0
2022-11-30 14:32:00,159.72999572753906,159.77000427246094,159.72999572753906,159.77000427246094,1192.0
2022-11-30 14:33:00,,,,,
2022-11-30 14:34:00,,,,,
2022-11-30 14:35:00,160.08999633789062,160.08999633789062,159.97999572753906,159.97999572753906,578.0
2022-11-30 14:36:00,159.9600067138672,160.0850067138672,159.77999877929688,160.0850067138672,4044.0
2022-11-30 14:37:00,160.08999633789062,160.10000610351562,159.97000122070312,159.97000122070312,3738.0
2022-11-30 14:38:00,159.7899932861328,159.7899932861328,159.7899932861328,159.7899932861328,593.0
2022-11-30 14:39:00,,,,,
2022-11-30 14:40:00,159.75999450683594,159.7899932861328,159.75999450683594,159.7899932861328,729.0
2022-11-30 14:41:00,,,,,
2022-11-30 14:42:00,,,,,
2022-11-30 14:43:00,159.82000732421875,159.82000732421875,159.77000427246094,159.77000427246094,2837.0
2022-11-30 14:44:00,,,,,
2022-11-30 14:45:00,,,,,
2022-11-30 14:46:00,,,,,
2022-11-30 14:47:00,,,,,
2022-11-30 14:48:00,,,,,
2022-11-30 14:49:00,159.97999572753906,159.97999572753906,159.97999572753906,159.97999572753906,279.0
2022-11-30 14:50:00,160.10000610351562,160.10000610351562,160.0399932861328,160.08999633789062,1170.0
2022-11-30 14:51:00,160.08999633789062,160.08999633789062,160.08999633789062,160.08999633789062,959.0
2022-11-30 14:52:00,,,,,
2022-11-30 14:53:00,160.05999755859375,160.05999755859375,159.9499969482422,159.9550018310547,2306.0
2022-11-30 14:54:00,159.89999389648438,159.89999389648438,159.83999633789062,159.83999633789062,374.0
2022-11-30 14:55:00,159.83999633789062,159.83999633789062,159.83999633789062,159.83999633789062,144.0
2022-11-30 14:56:00,159.75,159.75,159.75,159.75,735.0
2022-11-30 14:57:00,159.77000427246094,159.8300018310547,159.72000122070312,159.8300018310547,878.0
2022-11-30 14:58:00,159.8000030517578,159.8000030517578,159.7899932861328,159.7899932861328,735.0
2022-11-30 14:59:00,,,,,
2022-11-30 15:00:00,159.84500122070312,159.84500122070312,159.84500122070312,159.84500122070312,309.0
2022-11-30 15:01:00,159.86000061035156,159.91000366210938,159.80999755859375,159.91000366210938,1115.0
2022-11-30 15:02:00,159.9499969482422,159.97000122070312,159.9499969482422,159.97000122070312,1011.0
2022-11-30 15:03:00,160.02999877929688,160.10000610351562,160.02999877929688,160.02999877929688,1291.0
2022-11-30 15:04:00,160.0399932861328,160.0399932861328,159.83009338378906,159.83009338378906,1846.0
2022-11-30 15:05:00,,,,,
2022-11-30 15:06:00,,,,,
2022-11-30 15:07:00,,,,,
2022-11-30 15:08:00,,,,,
2022-11-30 15:09:00,159.8800048828125,159.9600067138672,159.83999633789062,159.83999633789062,2395.0
2022-11-30 15:10:00,159.6699981689453,159.77999877929688,159.6699981689453,159.77999877929688,1355.0
2022-11-30 15:11:00,,,,,
2022-11-30 15:12:00,,,,,
2022-11-30 15:13:00,,,,,
2022-11-30 15:14:00,159.8350067138672,159.8350067138672,159.75999450683594,159.75999450683594,1027.0
2022-11-30 15:15:00,159.74000549316406,159.8679962158203,159.74000549316406,159.8679962158203,1922.0
2022-11-30 15:16:00,159.8300018310547,159.94000244140625,159.8300018310547,159.94000244140625,720.0
2022-11-30 15:17:00,,,,,
2022-11-30 15:18:00,160.00999450683594,160.00999450683594,159.97000122070312,159.97000122070312,1499.0
2022-11-30 15:19:00,,,,,
2022-11-30 15:20:00,,,,,
2022-11-30 15:21:00,160.0500030517578,160.0509033203125,160.0500030517578,160.0509033203125,655.0
2022-11-30 15:22:00,,,,,
2022-11-30 15:23:00,160.0,160.0,160.0,160.0,638.0
2022-11-30 15:24:00,159.99000549316406,159.99000549316406,159.99000549316406,159.99000549316406,188.0
2022-11-30 15:25:00,160.00999450683594,160.00999450683594,160.00999450683594,160.00999450683594,709.0
2022-11-30 15:26:00,159.88999938964844,159.94000244140625,159.86000061035156,159.94000244140625,886.0
2022-11-30 15:27:00,159.9149932861328,159.9149932861328,159.9149932861328,159.9149932861328,355.0
2022-11-30 15:28:00,,,,,
2022-11-30 15:29:00,160.00999450683594,160.0399932861328,160.00999450683594,160.0399932861328,645.0
2022-11-30 15:30:00,160.0500030517578,160.14999389648438,160.0500030517578,160.05499267578125,2463.0
2022-11-30 15:31:00,160.11000061035156,160.11000061035156,160.11000061035156,160.11000061035156,682.0
2022-11-30 15:32:00,,,,,
2022-11-30 15:33:00,160.10000610351562,160.1199951171875,159.85000610351562,159.85000610351562,3501.0
2022-11-30 15:34:00,159.88999938964844,160.0500030517578,159.88999938964844,160.0,1295.0
2022-11-30 15:35:00,160.10000610351562,160.1300048828125,160.10000610351562,160.10000610351562,913.0
2022-11-30 15:36:00,160.10000610351562,160.30999755859375,160.10000610351562,160.30999755859375,1516.0
2022-11-30 15:37:00,160.3000030517578,160.39500427246094,160.2899932861328,160.2899932861328,3633.0
2022-11-30 15:38:00,160.22999572753906,160.22999572753906,160.125,160.2100067138672,1144.0
2022-11-30 15:39:00,160.25999450683594,160.41000366210938,160.25999450683594,160.41000366210938,1162.0
2022-11-30 15:40:00,160.39999389648438,160.39999389648438,160.38999938964844,160.38999938964844,630.0
2022-11-30 15:41:00,160.4199981689453,160.4199981689453,160.4199981689453,160.4199981689453,1170.0
2022-11-30 15:42:00,160.4499969482422,160.4499969482422,160.44000244140625,160.44000244140625,536.0
2022-11-30 15:43:00,160.52000427246094,160.55999755859375,160.5,160.5,2307.0
2022-11-30 15:44:00,160.5500030517578,160.5500030517578,160.47999572753906,160.47999572753906,1500.0
2022-11-30 15:45:00,160.5399932861328,160.74000549316406,160.5399932861328,160.6999969482422,2136.0
2022-11-30 15:46:00,160.72000122070312,160.72000122070312,160.72000122070312,160.72000122070312,2534.0
2022-11-30 15:47:00,160.6699981689453,160.6699981689453,160.61500549316406,160.61500549316406,1740.0
2022-11-30 15:48:00,160.6699981689453,160.97000122070312,160.6699981689453,160.96499633789062,2227.0
2022-11-30 15:49:00,160.9499969482422,160.9499969482422,160.72999572753906,160.77999877929688,4133.0
2022-11-30 15:50:00,161.30999755859375,161.55999755859375,160.9199981689453,161.1699981689453,4662.0
2022-11-30 15:51:00,161.2100067138672,161.47000122070312,161.2100067138672,161.3699951171875,3314.0
2022-11-30 15:52:00,161.30999755859375,161.30999755859375,160.99000549316406,161.1300048828125,5367.0
2022-11-30 15:53:00,161.1699981689453,161.4600067138672,161.1699981689453,161.3000030517578,4072.0
2022-11-30 15:54:00,161.3699951171875,161.9550018310547,161.3699951171875,161.9550018310547,7671.0
2022-11-30 15:55:00,161.9600067138672,161.9600067138672,161.52999877929688,161.77000427246094,6957.0
2022-11-30 15:56:00,161.6999969482422,161.75999450683594,161.5449981689453,161.5449981689453,6453.0
2022-11-30 15:57:00,161.6699981689453,161.9600067138672,161.65499877929688,161.88999938964844,7630.0
2022-11-30 15:58:00,161.93499755859375,161.93499755859375,161.74000549316406,161.89999389648438,8923.0
2022-11-30 15:59:00,161.89999389648438,162.30999755859375,161.8800048828125,162.17999267578125,24670.0
