Datetime,Dividends,Stock Splits
2022-11-17 09:30:00,0.0,0.0
2022-11-17 09:31:00,0.0,0.0
2022-11-17 09:32:00,0.0,0.0
2022-11-17 09:33:00,0.0,0.0
2022-11-17 09:34:00,0.0,0.0
2022-11-17 09:35:00,0.0,0.0
2022-11-17 09:36:00,0.0,0.0
2022-11-17 09:37:00,0.0,0.0
2022-11-17 09:38:00,0.0,0.0
2022-11-17 09:39:00,0.0,0.0
2022-11-17 09:40:00,0.0,0.0
2022-11-17 09:41:00,0.0,0.0
2022-11-17 09:42:00,0.0,0.0
2022-11-17 09:43:00,0.0,0.0
2022-11-17 09:44:00,0.0,0.0
2022-11-17 09:45:00,0.0,0.0
2022-11-17 09:46:00,0.0,0.0
2022-11-17 09:47:00,0.0,0.0
2022-11-17 09:48:00,0.0,0.0
2022-11-17 09:49:00,0.0,0.0
2022-11-17 09:50:00,0.0,0.0
2022-11-17 09:51:00,0.0,0.0
2022-11-17 09:52:00,0.0,0.0
2022-11-17 09:53:00,0.0,0.0
2022-11-17 09:54:00,0.0,0.0
2022-11-17 09:55:00,0.0,0.0
2022-11-17 09:56:00,0.0,0.0
2022-11-17 09:57:00,0.0,0.0
2022-11-17 09:58:00,0.0,0.0
2022-11-17 09:59:00,0.0,0.0
2022-11-17 10:00:00,0.0,0.0
2022-11-17 10:01:00,0.0,0.0
2022-11-17 10:02:00,0.0,0.0
2022-11-17 10:03:00,0.0,0.0
2022-11-17 10:04:00,0.0,0.0
2022-11-17 10:05:00,0.0,0.0
2022-11-17 10:06:00,0.0,0.0
2022-11-17 10:07:00,0.0,0.0
2022-11-17 10:08:00,0.0,0.0
2022-11-17 10:09:00,0.0,0.0
2022-11-17 10:10:00,0.0,0.0
2022-11-17 10:11:00,0.0,0.0
2022-11-17 10:12:00,0.0,0.0
2022-11-17 10:13:00,0.0,0.0
2022-11-17 10:14:00,0.0,0.0
2022-11-17 10:15:00,0.0,0.0
2022-11-17 10:16:00,0.0,0.0
2022-11-17 10:17:00,0.0,0.0
2022-11-17 10:18:00,0.0,0.0
2022-11-17 10:19:00,0.0,0.0
2022-11-17 10:20:00,0.0,0.0
2022-11-17 10:21:00,0.0,0.0
2022-11-17 10:22:00,0.0,0.0
2022-11-17 10:23:00,0.0,0.0
2022-11-17 10:24:00,0.0,0.0
2022-11-17 10:25:00,0.0,0.0
2022-11-17 10:26:00,0.0,0.0
2022-11-17 10:27:00,0.0,0.0
2022-11-17 10:28:00,0.0,0.0
2022-11-17 10:29:00,0.0,0.0
2022-11-17 10:30:00,0.0,0.0
2022-11-17 10:31:00,0.0,0.0
2022-11-17 10:32:00,0.0,0.0
2022-11-17 10:33:00,0.0,0.0
2022-11-17 10:34:00,0.0,0.0
2022-11-17 10:35:00,0.0,0.0
2022-11-17 10:36:00,0.0,0.0
2022-11-17 10:37:00,0.0,0.0
2022-11-17 10:38:00,0.0,0.0
2022-11-17 10:39:00,0.0,0.0
2022-11-17 10:40:00,0.0,0.0
2022-11-17 10:41:00,,
2022-11-17 10:42:00,0.0,0.0
2022-11-17 10:43:00,0.0,0.0
2022-11-17 10:44:00,0.0,0.0
2022-11-17 10:45:00,0.0,0.0
2022-11-17 10:46:00,0.0,0.0
2022-11-17 10:47:00,0.0,0.0
2022-11-17 10:48:00,0.0,0.0
2022-11-17 10:49:00,0.0,0.0
2022-11-17 10:50:00,0.0,0.0
2022-11-17 10:51:00,0.0,0.0
2022-11-17 10:52:00,0.0,0.0
2022-11-17 10:53:00,0.0,0.0
2022-11-17 10:54:00,0.0,0.0
2022-11-17 10:55:00,0.0,0.0
2022-11-17 10:56:00,0.0,0.0
2022-11-17 10:57:00,0.0,0.0
2022-11-17 10:58:00,0.0,0.0
2022-11-17 10:59:00,0.0,0.0
2022-11-17 11:00:00,0.0,0.0
2022-11-17 11:01:00,0.0,0.0
2022-11-17 11:02:00,0.0,0.0
2022-11-17 11:03:00,0.0,0.0
2022-11-17 11:04:00,0.0,0.0
2022-11-17 11:05:00,0.0,0.0
2022-11-17 11:06:00,0.0,0.0
2022-11-17 11:07:00,0.0,0.0
2022-11-17 11:08:00,0.0,0.0
2022-11-17 11:09:00,0.0,0.0
2022-11-17 11:10:00,0.0,0.0
2022-11-17 11:11:00,0.0,0.0
2022-11-17 11:12:00,0.0,0.0
2022-11-17 11:13:00,0.0,0.0
2022-11-17 11:14:00,0.0,0.0
2022-11-17 11:15:00,0.0,0.0
2022-11-17 11:16:00,0.0,0.0
2022-11-17 11:17:00,0.0,0.0
2022-11-17 11:18:00,0.0,0.0
2022-11-17 11:19:00,0.0,0.0
2022-11-17 11:20:00,0.0,0.0
2022-11-17 11:21:00,0.0,0.0
2022-11-17 11:22:00,0.0,0.0
2022-11-17 11:23:00,0.0,0.0
2022-11-17 11:24:00,0.0,0.0
2022-11-17 11:25:00,0.0,0.0
2022-11-17 11:26:00,0.0,0.0
2022-11-17 11:27:00,0.0,0.0
2022-11-17 11:28:00,0.0,0.0
2022-11-17 11:29:00,0.0,0.0
2022-11-17 11:30:00,0.0,0.0
2022-11-17 11:31:00,0.0,0.0
2022-11-17 11:32:00,0.0,0.0
2022-11-17 11:33:00,0.0,0.0
2022-11-17 11:34:00,0.0,0.0
2022-11-17 11:35:00,0.0,0.0
2022-11-17 11:36:00,0.0,0.0
2022-11-17 11:37:00,0.0,0.0
2022-11-17 11:38:00,0.0,0.0
2022-11-17 11:39:00,0.0,0.0
2022-11-17 11:40:00,0.0,0.0
2022-11-17 11:41:00,0.0,0.0
2022-11-17 11:42:00,0.0,0.0
2022-11-17 11:43:00,0.0,0.0
2022-11-17 11:44:00,0.0,0.0
2022-11-17 11:45:00,0.0,0.0
2022-11-17 11:46:00,0.0,0.0
2022-11-17 11:47:00,0.0,0.0
2022-11-17 11:48:00,0.0,0.0
2022-11-17 11:49:00,0.0,0.0
2022-11-17 11:50:00,0.0,0.0
2022-11-17 11:51:00,0.0,0.0
2022-11-17 11:52:00,0.0,0.0
2022-11-17 11:53:00,0.0,0.0
2022-11-17 11:54:00,0.0,0.0
2022-11-17 11:55:00,0.0,0.0
2022-11-17 11:56:00,0.0,0.0
2022-11-17 11:57:00,0.0,0.0
2022-11-17 11:58:00,0.0,0.0
2022-11-17 11:59:00,0.0,0.0
2022-11-17 12:00:00,0.0,0.0
2022-11-17 12:01:00,0.0,0.0
2022-11-17 12:02:00,0.0,0.0
2022-11-17 12:03:00,0.0,0.0
2022-11-17 12:04:00,0.0,0.0
2022-11-17 12:05:00,0.0,0.0
2022-11-17 12:06:00,0.0,0.0
2022-11-17 12:07:00,0.0,0.0
2022-11-17 12:08:00,0.0,0.0
2022-11-17 12:09:00,0.0,0.0
2022-11-17 12:10:00,0.0,0.0
2022-11-17 12:11:00,0.0,0.0
2022-11-17 12:12:00,0.0,0.0
2022-11-17 12:13:00,0.0,0.0
2022-11-17 12:14:00,0.0,0.0
2022-11-17 12:15:00,0.0,0.0
2022-11-17 12:16:00,0.0,0.0
2022-11-17 12:17:00,0.0,0.0
2022-11-17 12:18:00,0.0,0.0
2022-11-17 12:19:00,0.0,0.0
2022-11-17 12:20:00,0.0,0.0
2022-11-17 12:21:00,0.0,0.0
2022-11-17 12:22:00,0.0,0.0
2022-11-17 12:23:00,0.0,0.0
2022-11-17 12:24:00,0.0,0.0
2022-11-17 12:25:00,0.0,0.0
2022-11-17 12:26:00,,
2022-11-17 12:27:00,0.0,0.0
2022-11-17 12:28:00,0.0,0.0
2022-11-17 12:29:00,0.0,0.0
2022-11-17 12:30:00,0.0,0.0
2022-11-17 12:31:00,0.0,0.0
2022-11-17 12:32:00,0.0,0.0
2022-11-17 12:33:00,0.0,0.0
2022-11-17 12:34:00,0.0,0.0
2022-11-17 12:35:00,0.0,0.0
2022-11-17 12:36:00,0.0,0.0
2022-11-17 12:37:00,0.0,0.0
2022-11-17 12:38:00,0.0,0.0
2022-11-17 12:39:00,0.0,0.0
2022-11-17 12:40:00,0.0,0.0
2022-11-17 12:41:00,0.0,0.0
2022-11-17 12:42:00,0.0,0.0
2022-11-17 12:43:00,0.0,0.0
2022-11-17 12:44:00,0.0,0.0
2022-11-17 12:45:00,0.0,0.0
2022-11-17 12:46:00,0.0,0.0
2022-11-17 12:47:00,0.0,0.0
2022-11-17 12:48:00,0.0,0.0
2022-11-17 12:49:00,0.0,0.0
2022-11-17 12:50:00,0.0,0.0
2022-11-17 12:51:00,0.0,0.0
2022-11-17 12:52:00,0.0,0.0
2022-11-17 12:53:00,,
2022-11-17 12:54:00,0.0,0.0
2022-11-17 12:55:00,0.0,0.0
2022-11-17 12:56:00,0.0,0.0
2022-11-17 12:57:00,0.0,0.0
2022-11-17 12:58:00,0.0,0.0
2022-11-17 12:59:00,0.0,0.0
2022-11-17 13:00:00,0.0,0.0
2022-11-17 13:01:00,0.0,0.0
2022-11-17 13:02:00,0.0,0.0
2022-11-17 13:03:00,0.0,0.0
2022-11-17 13:04:00,0.0,0.0
2022-11-17 13:05:00,0.0,0.0
2022-11-17 13:06:00,0.0,0.0
2022-11-17 13:07:00,0.0,0.0
2022-11-17 13:08:00,0.0,0.0
2022-11-17 13:09:00,0.0,0.0
2022-11-17 13:10:00,0.0,0.0
2022-11-17 13:11:00,0.0,0.0
2022-11-17 13:12:00,0.0,0.0
2022-11-17 13:13:00,0.0,0.0
2022-11-17 13:14:00,0.0,0.0
2022-11-17 13:15:00,0.0,0.0
2022-11-17 13:16:00,0.0,0.0
2022-11-17 13:17:00,0.0,0.0
2022-11-17 13:18:00,0.0,0.0
2022-11-17 13:19:00,0.0,0.0
2022-11-17 13:20:00,0.0,0.0
2022-11-17 13:21:00,0.0,0.0
2022-11-17 13:22:00,0.0,0.0
2022-11-17 13:23:00,0.0,0.0
2022-11-17 13:24:00,0.0,0.0
2022-11-17 13:25:00,0.0,0.0
2022-11-17 13:26:00,0.0,0.0
2022-11-17 13:27:00,0.0,0.0
2022-11-17 13:28:00,0.0,0.0
2022-11-17 13:29:00,0.0,0.0
2022-11-17 13:30:00,0.0,0.0
2022-11-17 13:31:00,0.0,0.0
2022-11-17 13:32:00,0.0,0.0
2022-11-17 13:33:00,,
2022-11-17 13:34:00,0.0,0.0
2022-11-17 13:35:00,0.0,0.0
2022-11-17 13:36:00,0.0,0.0
2022-11-17 13:37:00,0.0,0.0
2022-11-17 13:38:00,0.0,0.0
2022-11-17 13:39:00,0.0,0.0
2022-11-17 13:40:00,0.0,0.0
2022-11-17 13:41:00,0.0,0.0
2022-11-17 13:42:00,0.0,0.0
2022-11-17 13:43:00,0.0,0.0
2022-11-17 13:44:00,0.0,0.0
2022-11-17 13:45:00,0.0,0.0
2022-11-17 13:46:00,0.0,0.0
2022-11-17 13:47:00,0.0,0.0
2022-11-17 13:48:00,0.0,0.0
2022-11-17 13:49:00,0.0,0.0
2022-11-17 13:50:00,0.0,0.0
2022-11-17 13:51:00,0.0,0.0
2022-11-17 13:52:00,0.0,0.0
2022-11-17 13:53:00,0.0,0.0
2022-11-17 13:54:00,0.0,0.0
2022-11-17 13:55:00,0.0,0.0
2022-11-17 13:56:00,0.0,0.0
2022-11-17 13:57:00,0.0,0.0
2022-11-17 13:58:00,0.0,0.0
2022-11-17 13:59:00,0.0,0.0
2022-11-17 14:00:00,0.0,0.0
2022-11-17 14:01:00,0.0,0.0
2022-11-17 14:02:00,0.0,0.0
2022-11-17 14:03:00,0.0,0.0
2022-11-17 14:04:00,0.0,0.0
2022-11-17 14:05:00,0.0,0.0
2022-11-17 14:06:00,0.0,0.0
2022-11-17 14:07:00,0.0,0.0
2022-11-17 14:08:00,0.0,0.0
2022-11-17 14:09:00,0.0,0.0
2022-11-17 14:10:00,0.0,0.0
2022-11-17 14:11:00,0.0,0.0
2022-11-17 14:12:00,0.0,0.0
2022-11-17 14:13:00,0.0,0.0
2022-11-17 14:14:00,0.0,0.0
2022-11-17 14:15:00,0.0,0.0
2022-11-17 14:16:00,0.0,0.0
2022-11-17 14:17:00,0.0,0.0
2022-11-17 14:18:00,0.0,0.0
2022-11-17 14:19:00,0.0,0.0
2022-11-17 14:20:00,0.0,0.0
2022-11-17 14:21:00,0.0,0.0
2022-11-17 14:22:00,0.0,0.0
2022-11-17 14:23:00,0.0,0.0
2022-11-17 14:24:00,0.0,0.0
2022-11-17 14:25:00,0.0,0.0
2022-11-17 14:26:00,0.0,0.0
2022-11-17 14:27:00,0.0,0.0
2022-11-17 14:28:00,0.0,0.0
2022-11-17 14:29:00,0.0,0.0
2022-11-17 14:30:00,0.0,0.0
2022-11-17 14:31:00,0.0,0.0
2022-11-17 14:32:00,0.0,0.0
2022-11-17 14:33:00,0.0,0.0
2022-11-17 14:34:00,0.0,0.0
2022-11-17 14:35:00,0.0,0.0
2022-11-17 14:36:00,0.0,0.0
2022-11-17 14:37:00,0.0,0.0
2022-11-17 14:38:00,0.0,0.0
2022-11-17 14:39:00,0.0,0.0
2022-11-17 14:40:00,0.0,0.0
2022-11-17 14:41:00,0.0,0.0
2022-11-17 14:42:00,0.0,0.0
2022-11-17 14:43:00,0.0,0.0
2022-11-17 14:44:00,0.0,0.0
2022-11-17 14:45:00,0.0,0.0
2022-11-17 14:46:00,0.0,0.0
2022-11-17 14:47:00,0.0,0.0
2022-11-17 14:48:00,0.0,0.0
2022-11-17 14:49:00,0.0,0.0
2022-11-17 14:50:00,0.0,0.0
2022-11-17 14:51:00,0.0,0.0
2022-11-17 14:52:00,0.0,0.0
2022-11-17 14:53:00,0.0,0.0
2022-11-17 14:54:00,0.0,0.0
2022-11-17 14:55:00,0.0,0.0
2022-11-17 14:56:00,0.0,0.0
2022-11-17 14:57:00,0.0,0.0
2022-11-17 14:58:00,0.0,0.0
2022-11-17 14:59:00,0.0,0.0
2022-11-17 15:00:00,0.0,0.0
2022-11-17 15:01:00,0.0,0.0
2022-11-17 15:02:00,0.0,0.0
2022-11-17 15:03:00,0.0,0.0
2022-11-17 15:04:00,0.0,0.0
2022-11-17 15:05:00,0.0,0.0
2022-11-17 15:06:00,0.0,0.0
2022-11-17 15:07:00,0.0,0.0
2022-11-17 15:08:00,0.0,0.0
2022-11-17 15:09:00,0.0,0.0
2022-11-17 15:10:00,0.0,0.0
2022-11-17 15:11:00,0.0,0.0
2022-11-17 15:12:00,0.0,0.0
2022-11-17 15:13:00,0.0,0.0
2022-11-17 15:14:00,0.0,0.0
2022-11-17 15:15:00,0.0,0.0
2022-11-17 15:16:00,0.0,0.0
2022-11-17 15:17:00,0.0,0.0
2022-11-17 15:18:00,0.0,0.0
2022-11-17 15:19:00,0.0,0.0
2022-11-17 15:20:00,0.0,0.0
2022-11-17 15:21:00,0.0,0.0
2022-11-17 15:22:00,0.0,0.0
2022-11-17 15:23:00,0.0,0.0
2022-11-17 15:24:00,0.0,0.0
2022-11-17 15:25:00,0.0,0.0
2022-11-17 15:26:00,0.0,0.0
2022-11-17 15:27:00,0.0,0.0
2022-11-17 15:28:00,0.0,0.0
2022-11-17 15:29:00,0.0,0.0
2022-11-17 15:30:00,0.0,0.0
2022-11-17 15:31:00,0.0,0.0
2022-11-17 15:32:00,0.0,0.0
2022-11-17 15:33:00,0.0,0.0
2022-11-17 15:34:00,0.0,0.0
2022-11-17 15:35:00,0.0,0.0
2022-11-17 15:36:00,0.0,0.0
2022-11-17 15:37:00,0.0,0.0
2022-11-17 15:38:00,0.0,0.0
2022-11-17 15:39:00,0.0,0.0
2022-11-17 15:40:00,0.0,0.0
2022-11-17 15:41:00,0.0,0.0
2022-11-17 15:42:00,0.0,0.0
2022-11-17 15:43:00,0.0,0.0
2022-11-17 15:44:00,0.0,0.0
2022-11-17 15:45:00,0.0,0.0
2022-11-17 15:46:00,0.0,0.0
2022-11-17 15:47:00,0.0,0.0
2022-11-17 15:48:00,0.0,0.0
2022-11-17 15:49:00,0.0,0.0
2022-11-17 15:50:00,0.0,0.0
2022-11-17 15:51:00,0.0,0.0
2022-11-17 15:52:00,0.0,0.0
2022-11-17 15:53:00,0.0,0.0
2022-11-17 15:54:00,0.0,0.0
2022-11-17 15:55:00,0.0,0.0
2022-11-17 15:56:00,0.0,0.0
2022-11-17 15:57:00,0.0,0.0
2022-11-17 15:58:00,0.0,0.0
2022-11-17 15:59:00,0.0,0.0
2022-11-18 09:30:00,0.0,0.0
2022-11-18 09:31:00,0.0,0.0
2022-11-18 09:32:00,0.0,0.0
2022-11-18 09:33:00,0.0,0.0
2022-11-18 09:34:00,0.0,0.0
2022-11-18 09:35:00,0.0,0.0
2022-11-18 09:36:00,0.0,0.0
2022-11-18 09:37:00,0.0,0.0
2022-11-18 09:38:00,0.0,0.0
2022-11-18 09:39:00,0.0,0.0
2022-11-18 09:40:00,0.0,0.0
2022-11-18 09:41:00,0.0,0.0
2022-11-18 09:42:00,0.0,0.0
2022-11-18 09:43:00,0.0,0.0
2022-11-18 09:44:00,0.0,0.0
2022-11-18 09:45:00,0.0,0.0
2022-11-18 09:46:00,0.0,0.0
2022-11-18 09:47:00,0.0,0.0
2022-11-18 09:48:00,0.0,0.0
2022-11-18 09:49:00,0.0,0.0
2022-11-18 09:50:00,0.0,0.0
2022-11-18 09:51:00,0.0,0.0
2022-11-18 09:52:00,0.0,0.0
2022-11-18 09:53:00,0.0,0.0
2022-11-18 09:54:00,0.0,0.0
2022-11-18 09:55:00,0.0,0.0
2022-11-18 09:56:00,0.0,0.0
2022-11-18 09:57:00,0.0,0.0
2022-11-18 09:58:00,0.0,0.0
2022-11-18 09:59:00,0.0,0.0
2022-11-18 10:00:00,0.0,0.0
2022-11-18 10:01:00,0.0,0.0
2022-11-18 10:02:00,0.0,0.0
2022-11-18 10:03:00,0.0,0.0
2022-11-18 10:04:00,0.0,0.0
2022-11-18 10:05:00,0.0,0.0
2022-11-18 10:06:00,0.0,0.0
2022-11-18 10:07:00,0.0,0.0
2022-11-18 10:08:00,0.0,0.0
2022-11-18 10:09:00,0.0,0.0
2022-11-18 10:10:00,0.0,0.0
2022-11-18 10:11:00,0.0,0.0
2022-11-18 10:12:00,0.0,0.0
2022-11-18 10:13:00,0.0,0.0
2022-11-18 10:14:00,0.0,0.0
2022-11-18 10:15:00,0.0,0.0
2022-11-18 10:16:00,0.0,0.0
2022-11-18 10:17:00,0.0,0.0
2022-11-18 10:18:00,0.0,0.0
2022-11-18 10:19:00,0.0,0.0
2022-11-18 10:20:00,0.0,0.0
2022-11-18 10:21:00,0.0,0.0
2022-11-18 10:22:00,0.0,0.0
2022-11-18 10:23:00,0.0,0.0
2022-11-18 10:24:00,0.0,0.0
2022-11-18 10:25:00,0.0,0.0
2022-11-18 10:26:00,0.0,0.0
2022-11-18 10:27:00,0.0,0.0
2022-11-18 10:28:00,0.0,0.0
2022-11-18 10:29:00,0.0,0.0
2022-11-18 10:30:00,0.0,0.0
2022-11-18 10:31:00,0.0,0.0
2022-11-18 10:32:00,0.0,0.0
2022-11-18 10:33:00,0.0,0.0
2022-11-18 10:34:00,0.0,0.0
2022-11-18 10:35:00,0.0,0.0
2022-11-18 10:36:00,0.0,0.0
2022-11-18 10:37:00,0.0,0.0
2022-11-18 10:38:00,0.0,0.0
2022-11-18 10:39:00,0.0,0.0
2022-11-18 10:40:00,0.0,0.0
2022-11-18 10:41:00,0.0,0.0
2022-11-18 10:42:00,0.0,0.0
2022-11-18 10:43:00,0.0,0.0
2022-11-18 10:44:00,0.0,0.0
2022-11-18 10:45:00,0.0,0.0
2022-11-18 10:46:00,0.0,0.0
2022-11-18 10:47:00,0.0,0.0
2022-11-18 10:48:00,0.0,0.0
2022-11-18 10:49:00,0.0,0.0
2022-11-18 10:50:00,0.0,0.0
2022-11-18 10:51:00,0.0,0.0
2022-11-18 10:52:00,0.0,0.0
2022-11-18 10:53:00,0.0,0.0
2022-11-18 10:54:00,0.0,0.0
2022-11-18 10:55:00,0.0,0.0
2022-11-18 10:56:00,0.0,0.0
2022-11-18 10:57:00,0.0,0.0
2022-11-18 10:58:00,0.0,0.0
2022-11-18 10:59:00,0.0,0.0
2022-11-18 11:00:00,0.0,0.0
2022-11-18 11:01:00,0.0,0.0
2022-11-18 11:02:00,0.0,0.0
2022-11-18 11:03:00,0.0,0.0
2022-11-18 11:04:00,0.0,0.0
2022-11-18 11:05:00,0.0,0.0
2022-11-18 11:06:00,0.0,0.0
2022-11-18 11:07:00,0.0,0.0
2022-11-18 11:08:00,0.0,0.0
2022-11-18 11:09:00,0.0,0.0
2022-11-18 11:10:00,0.0,0.0
2022-11-18 11:11:00,0.0,0.0
2022-11-18 11:12:00,0.0,0.0
2022-11-18 11:13:00,0.0,0.0
2022-11-18 11:14:00,0.0,0.0
2022-11-18 11:15:00,0.0,0.0
2022-11-18 11:16:00,0.0,0.0
2022-11-18 11:17:00,0.0,0.0
2022-11-18 11:18:00,0.0,0.0
2022-11-18 11:19:00,0.0,0.0
2022-11-18 11:20:00,0.0,0.0
2022-11-18 11:21:00,0.0,0.0
2022-11-18 11:22:00,0.0,0.0
2022-11-18 11:23:00,0.0,0.0
2022-11-18 11:24:00,0.0,0.0
2022-11-18 11:25:00,0.0,0.0
2022-11-18 11:26:00,0.0,0.0
2022-11-18 11:27:00,0.0,0.0
2022-11-18 11:28:00,0.0,0.0
2022-11-18 11:29:00,0.0,0.0
2022-11-18 11:30:00,0.0,0.0
2022-11-18 11:31:00,0.0,0.0
2022-11-18 11:32:00,0.0,0.0
2022-11-18 11:33:00,0.0,0.0
2022-11-18 11:34:00,0.0,0.0
2022-11-18 11:35:00,0.0,0.0
2022-11-18 11:36:00,0.0,0.0
2022-11-18 11:37:00,0.0,0.0
2022-11-18 11:38:00,0.0,0.0
2022-11-18 11:39:00,0.0,0.0
2022-11-18 11:40:00,0.0,0.0
2022-11-18 11:41:00,0.0,0.0
2022-11-18 11:42:00,0.0,0.0
2022-11-18 11:43:00,0.0,0.0
2022-11-18 11:44:00,0.0,0.0
2022-11-18 11:45:00,0.0,0.0
2022-11-18 11:46:00,0.0,0.0
2022-11-18 11:47:00,0.0,0.0
2022-11-18 11:48:00,0.0,0.0
2022-11-18 11:49:00,0.0,0.0
2022-11-18 11:50:00,0.0,0.0
2022-11-18 11:51:00,0.0,0.0
2022-11-18 11:52:00,0.0,0.0
2022-11-18 11:53:00,0.0,0.0
2022-11-18 11:54:00,0.0,0.0
2022-11-18 11:55:00,0.0,0.0
2022-11-18 11:56:00,0.0,0.0
2022-11-18 11:57:00,0.0,0.0
2022-11-18 11:58:00,0.0,0.0
2022-11-18 11:59:00,0.0,0.0
2022-11-18 12:00:00,0.0,0.0
2022-11-18 12:01:00,0.0,0.0
2022-11-18 12:02:00,0.0,0.0
2022-11-18 12:03:00,0.0,0.0
2022-11-18 12:04:00,0.0,0.0
2022-11-18 12:05:00,0.0,0.0
2022-11-18 12:06:00,0.0,0.0
2022-11-18 12:07:00,0.0,0.0
2022-11-18 12:08:00,0.0,0.0
2022-11-18 12:09:00,0.0,0.0
2022-11-18 12:10:00,0.0,0.0
2022-11-18 12:11:00,0.0,0.0
2022-11-18 12:12:00,0.0,0.0
2022-11-18 12:13:00,0.0,0.0
2022-11-18 12:14:00,0.0,0.0
2022-11-18 12:15:00,0.0,0.0
2022-11-18 12:16:00,0.0,0.0
2022-11-18 12:17:00,0.0,0.0
2022-11-18 12:18:00,0.0,0.0
2022-11-18 12:19:00,0.0,0.0
2022-11-18 12:20:00,0.0,0.0
2022-11-18 12:21:00,0.0,0.0
2022-11-18 12:22:00,0.0,0.0
2022-11-18 12:23:00,0.0,0.0
2022-11-18 12:24:00,0.0,0.0
2022-11-18 12:25:00,0.0,0.0
2022-11-18 12:26:00,0.0,0.0
2022-11-18 12:27:00,0.0,0.0
2022-11-18 12:28:00,0.0,0.0
2022-11-18 12:29:00,0.0,0.0
2022-11-18 12:30:00,0.0,0.0
2022-11-18 12:31:00,0.0,0.0
2022-11-18 12:32:00,0.0,0.0
2022-11-18 12:33:00,0.0,0.0
2022-11-18 12:34:00,0.0,0.0
2022-11-18 12:35:00,0.0,0.0
2022-11-18 12:36:00,0.0,0.0
2022-11-18 12:37:00,0.0,0.0
2022-11-18 12:38:00,0.0,0.0
2022-11-18 12:39:00,0.0,0.0
2022-11-18 12:40:00,0.0,0.0
2022-11-18 12:41:00,0.0,0.0
2022-11-18 12:42:00,0.0,0.0
2022-11-18 12:43:00,0.0,0.0
2022-11-18 12:44:00,0.0,0.0
2022-11-18 12:45:00,0.0,0.0
2022-11-18 12:46:00,0.0,0.0
2022-11-18 12:47:00,0.0,0.0
2022-11-18 12:48:00,0.0,0.0
2022-11-18 12:49:00,0.0,0.0
2022-11-18 12:50:00,0.0,0.0
2022-11-18 12:51:00,0.0,0.0
2022-11-18 12:52:00,0.0,0.0
2022-11-18 12:53:00,0.0,0.0
2022-11-18 12:54:00,0.0,0.0
2022-11-18 12:55:00,0.0,0.0
2022-11-18 12:56:00,0.0,0.0
2022-11-18 12:57:00,0.0,0.0
2022-11-18 12:58:00,0.0,0.0
2022-11-18 12:59:00,0.0,0.0
2022-11-18 13:00:00,0.0,0.0
2022-11-18 13:01:00,0.0,0.0
2022-11-18 13:02:00,0.0,0.0
2022-11-18 13:03:00,0.0,0.0
2022-11-18 13:04:00,0.0,0.0
2022-11-18 13:05:00,0.0,0.0
2022-11-18 13:06:00,0.0,0.0
2022-11-18 13:07:00,0.0,0.0
2022-11-18 13:08:00,0.0,0.0
2022-11-18 13:09:00,0.0,0.0
2022-11-18 13:10:00,0.0,0.0
2022-11-18 13:11:00,0.0,0.0
2022-11-18 13:12:00,0.0,0.0
2022-11-18 13:13:00,0.0,0.0
2022-11-18 13:14:00,0.0,0.0
2022-11-18 13:15:00,0.0,0.0
2022-11-18 13:16:00,0.0,0.0
2022-11-18 13:17:00,0.0,0.0
2022-11-18 13:18:00,0.0,0.0
2022-11-18 13:19:00,0.0,0.0
2022-11-18 13:20:00,0.0,0.0
2022-11-18 13:21:00,0.0,0.0
2022-11-18 13:22:00,0.0,0.0
2022-11-18 13:23:00,0.0,0.0
2022-11-18 13:24:00,0.0,0.0
2022-11-18 13:25:00,0.0,0.0
2022-11-18 13:26:00,0.0,0.0
2022-11-18 13:27:00,0.0,0.0
2022-11-18 13:28:00,0.0,0.0
2022-11-18 13:29:00,0.0,0.0
2022-11-18 13:30:00,0.0,0.0
2022-11-18 13:31:00,0.0,0.0
2022-11-18 13:32:00,0.0,0.0
2022-11-18 13:33:00,0.0,0.0
2022-11-18 13:34:00,0.0,0.0
2022-11-18 13:35:00,0.0,0.0
2022-11-18 13:36:00,0.0,0.0
2022-11-18 13:37:00,0.0,0.0
2022-11-18 13:38:00,0.0,0.0
2022-11-18 13:39:00,0.0,0.0
2022-11-18 13:40:00,0.0,0.0
2022-11-18 13:41:00,0.0,0.0
2022-11-18 13:42:00,0.0,0.0
2022-11-18 13:43:00,0.0,0.0
2022-11-18 13:44:00,0.0,0.0
2022-11-18 13:45:00,0.0,0.0
2022-11-18 13:46:00,0.0,0.0
2022-11-18 13:47:00,0.0,0.0
2022-11-18 13:48:00,0.0,0.0
2022-11-18 13:49:00,0.0,0.0
2022-11-18 13:50:00,0.0,0.0
2022-11-18 13:51:00,0.0,0.0
2022-11-18 13:52:00,0.0,0.0
2022-11-18 13:53:00,0.0,0.0
2022-11-18 13:54:00,0.0,0.0
2022-11-18 13:55:00,0.0,0.0
2022-11-18 13:56:00,0.0,0.0
2022-11-18 13:57:00,0.0,0.0
2022-11-18 13:58:00,0.0,0.0
2022-11-18 13:59:00,0.0,0.0
2022-11-18 14:00:00,0.0,0.0
2022-11-18 14:01:00,0.0,0.0
2022-11-18 14:02:00,0.0,0.0
2022-11-18 14:03:00,0.0,0.0
2022-11-18 14:04:00,0.0,0.0
2022-11-18 14:05:00,0.0,0.0
2022-11-18 14:06:00,0.0,0.0
2022-11-18 14:07:00,0.0,0.0
2022-11-18 14:08:00,0.0,0.0
2022-11-18 14:09:00,0.0,0.0
2022-11-18 14:10:00,0.0,0.0
2022-11-18 14:11:00,0.0,0.0
2022-11-18 14:12:00,0.0,0.0
2022-11-18 14:13:00,0.0,0.0
2022-11-18 14:14:00,0.0,0.0
2022-11-18 14:15:00,0.0,0.0
2022-11-18 14:16:00,0.0,0.0
2022-11-18 14:17:00,0.0,0.0
2022-11-18 14:18:00,0.0,0.0
2022-11-18 14:19:00,0.0,0.0
2022-11-18 14:20:00,0.0,0.0
2022-11-18 14:21:00,0.0,0.0
2022-11-18 14:22:00,0.0,0.0
2022-11-18 14:23:00,0.0,0.0
2022-11-18 14:24:00,0.0,0.0
2022-11-18 14:25:00,0.0,0.0
2022-11-18 14:26:00,0.0,0.0
2022-11-18 14:27:00,0.0,0.0
2022-11-18 14:28:00,0.0,0.0
2022-11-18 14:29:00,0.0,0.0
2022-11-18 14:30:00,0.0,0.0
2022-11-18 14:31:00,0.0,0.0
2022-11-18 14:32:00,0.0,0.0
2022-11-18 14:33:00,0.0,0.0
2022-11-18 14:34:00,0.0,0.0
2022-11-18 14:35:00,0.0,0.0
2022-11-18 14:36:00,0.0,0.0
2022-11-18 14:37:00,0.0,0.0
2022-11-18 14:38:00,0.0,0.0
2022-11-18 14:39:00,0.0,0.0
2022-11-18 14:40:00,0.0,0.0
2022-11-18 14:41:00,0.0,0.0
2022-11-18 14:42:00,0.0,0.0
2022-11-18 14:43:00,0.0,0.0
2022-11-18 14:44:00,0.0,0.0
2022-11-18 14:45:00,0.0,0.0
2022-11-18 14:46:00,0.0,0.0
2022-11-18 14:47:00,0.0,0.0
2022-11-18 14:48:00,0.0,0.0
2022-11-18 14:49:00,0.0,0.0
2022-11-18 14:50:00,0.0,0.0
2022-11-18 14:51:00,0.0,0.0
2022-11-18 14:52:00,0.0,0.0
2022-11-18 14:53:00,0.0,0.0
2022-11-18 14:54:00,0.0,0.0
2022-11-18 14:55:00,0.0,0.0
2022-11-18 14:56:00,0.0,0.0
2022-11-18 14:57:00,0.0,0.0
2022-11-18 14:58:00,0.0,0.0
2022-11-18 14:59:00,0.0,0.0
2022-11-18 15:00:00,0.0,0.0
2022-11-18 15:01:00,0.0,0.0
2022-11-18 15:02:00,0.0,0.0
2022-11-18 15:03:00,0.0,0.0
2022-11-18 15:04:00,0.0,0.0
2022-11-18 15:05:00,0.0,0.0
2022-11-18 15:06:00,0.0,0.0
2022-11-18 15:07:00,0.0,0.0
2022-11-18 15:08:00,0.0,0.0
2022-11-18 15:09:00,0.0,0.0
2022-11-18 15:10:00,0.0,0.0
2022-11-18 15:11:00,0.0,0.0
2022-11-18 15:12:00,0.0,0.0
2022-11-18 15:13:00,0.0,0.0
2022-11-18 15:14:00,0.0,0.0
2022-11-18 15:15:00,0.0,0.0
2022-11-18 15:16:00,0.0,0.0
2022-11-18 15:17:00,0.0,0.0
2022-11-18 15:18:00,0.0,0.0
2022-11-18 15:19:00,0.0,0.0
2022-11-18 15:20:00,0.0,0.0
2022-11-18 15:21:00,0.0,0.0
2022-11-18 15:22:00,0.0,0.0
2022-11-18 15:23:00,0.0,0.0
2022-11-18 15:24:00,0.0,0.0
2022-11-18 15:25:00,0.0,0.0
2022-11-18 15:26:00,0.0,0.0
2022-11-18 15:27:00,0.0,0.0
2022-11-18 15:28:00,0.0,0.0
2022-11-18 15:29:00,0.0,0.0
2022-11-18 15:30:00,0.0,0.0
2022-11-18 15:31:00,0.0,0.0
2022-11-18 15:32:00,0.0,0.0
2022-11-18 15:33:00,0.0,0.0
2022-11-18 15:34:00,0.0,0.0
2022-11-18 15:35:00,0.0,0.0
2022-11-18 15:36:00,0.0,0.0
2022-11-18 15:37:00,0.0,0.0
2022-11-18 15:38:00,0.0,0.0
2022-11-18 15:39:00,0.0,0.0
2022-11-18 15:40:00,0.0,0.0
2022-11-18 15:41:00,0.0,0.0
2022-11-18 15:42:00,0.0,0.0
2022-11-18 15:43:00,0.0,0.0
2022-11-18 15:44:00,0.0,0.0
2022-11-18 15:45:00,0.0,0.0
2022-11-18 15:46:00,0.0,0.0
2022-11-18 15:47:00,0.0,0.0
2022-11-18 15:48:00,0.0,0.0
2022-11-18 15:49:00,0.0,0.0
2022-11-18 15:50:00,0.0,0.0
2022-11-18 15:51:00,0.0,0.0
2022-11-18 15:52:00,0.0,0.0
2022-11-18 15:53:00,0.0,0.0
2022-11-18 15:54:00,0.0,0.0
2022-11-18 15:55:00,0.0,0.0
2022-11-18 15:56:00,0.0,0.0
2022-11-18 15:57:00,0.0,0.0
2022-11-18 15:58:00,0.0,0.0
2022-11-18 15:59:00,0.0,0.0
2022-11-21 09:30:00,0.0,0.0
2022-11-21 09:31:00,0.0,0.0
2022-11-21 09:32:00,0.0,0.0
2022-11-21 09:33:00,0.0,0.0
2022-11-21 09:34:00,0.0,0.0
2022-11-21 09:35:00,0.0,0.0
2022-11-21 09:36:00,0.0,0.0
2022-11-21 09:37:00,0.0,0.0
2022-11-21 09:38:00,0.0,0.0
2022-11-21 09:39:00,0.0,0.0
2022-11-21 09:40:00,0.0,0.0
2022-11-21 09:41:00,0.0,0.0
2022-11-21 09:42:00,0.0,0.0
2022-11-21 09:43:00,0.0,0.0
2022-11-21 09:44:00,0.0,0.0
2022-11-21 09:45:00,0.0,0.0
2022-11-21 09:46:00,0.0,0.0
2022-11-21 09:47:00,0.0,0.0
2022-11-21 09:48:00,0.0,0.0
2022-11-21 09:49:00,0.0,0.0
2022-11-21 09:50:00,0.0,0.0
2022-11-21 09:51:00,0.0,0.0
2022-11-21 09:52:00,0.0,0.0
2022-11-21 09:53:00,0.0,0.0
2022-11-21 09:54:00,0.0,0.0
2022-11-21 09:55:00,0.0,0.0
2022-11-21 09:56:00,0.0,0.0
2022-11-21 09:57:00,0.0,0.0
2022-11-21 09:58:00,0.0,0.0
2022-11-21 09:59:00,0.0,0.0
2022-11-21 10:00:00,0.0,0.0
2022-11-21 10:01:00,0.0,0.0
2022-11-21 10:02:00,0.0,0.0
2022-11-21 10:03:00,0.0,0.0
2022-11-21 10:04:00,0.0,0.0
2022-11-21 10:05:00,0.0,0.0
2022-11-21 10:06:00,0.0,0.0
2022-11-21 10:07:00,0.0,0.0
2022-11-21 10:08:00,0.0,0.0
2022-11-21 10:09:00,0.0,0.0
2022-11-21 10:10:00,0.0,0.0
2022-11-21 10:11:00,0.0,0.0
2022-11-21 10:12:00,0.0,0.0
2022-11-21 10:13:00,0.0,0.0
2022-11-21 10:14:00,0.0,0.0
2022-11-21 10:15:00,0.0,0.0
2022-11-21 10:16:00,0.0,0.0
2022-11-21 10:17:00,0.0,0.0
2022-11-21 10:18:00,0.0,0.0
2022-11-21 10:19:00,0.0,0.0
2022-11-21 10:20:00,0.0,0.0
2022-11-21 10:21:00,0.0,0.0
2022-11-21 10:22:00,0.0,0.0
2022-11-21 10:23:00,0.0,0.0
2022-11-21 10:24:00,0.0,0.0
2022-11-21 10:25:00,0.0,0.0
2022-11-21 10:26:00,0.0,0.0
2022-11-21 10:27:00,0.0,0.0
2022-11-21 10:28:00,0.0,0.0
2022-11-21 10:29:00,0.0,0.0
2022-11-21 10:30:00,0.0,0.0
2022-11-21 10:31:00,0.0,0.0
2022-11-21 10:32:00,0.0,0.0
2022-11-21 10:33:00,0.0,0.0
2022-11-21 10:34:00,0.0,0.0
2022-11-21 10:35:00,0.0,0.0
2022-11-21 10:36:00,0.0,0.0
2022-11-21 10:37:00,0.0,0.0
2022-11-21 10:38:00,0.0,0.0
2022-11-21 10:39:00,0.0,0.0
2022-11-21 10:40:00,0.0,0.0
2022-11-21 10:41:00,0.0,0.0
2022-11-21 10:42:00,0.0,0.0
2022-11-21 10:43:00,0.0,0.0
2022-11-21 10:44:00,0.0,0.0
2022-11-21 10:45:00,0.0,0.0
2022-11-21 10:46:00,0.0,0.0
2022-11-21 10:47:00,0.0,0.0
2022-11-21 10:48:00,0.0,0.0
2022-11-21 10:49:00,0.0,0.0
2022-11-21 10:50:00,0.0,0.0
2022-11-21 10:51:00,0.0,0.0
2022-11-21 10:52:00,0.0,0.0
2022-11-21 10:53:00,0.0,0.0
2022-11-21 10:54:00,0.0,0.0
2022-11-21 10:55:00,0.0,0.0
2022-11-21 10:56:00,0.0,0.0
2022-11-21 10:57:00,0.0,0.0
2022-11-21 10:58:00,0.0,0.0
2022-11-21 10:59:00,0.0,0.0
2022-11-21 11:00:00,0.0,0.0
2022-11-21 11:01:00,0.0,0.0
2022-11-21 11:02:00,0.0,0.0
2022-11-21 11:03:00,0.0,0.0
2022-11-21 11:04:00,0.0,0.0
2022-11-21 11:05:00,0.0,0.0
2022-11-21 11:06:00,0.0,0.0
2022-11-21 11:07:00,0.0,0.0
2022-11-21 11:08:00,0.0,0.0
2022-11-21 11:09:00,0.0,0.0
2022-11-21 11:10:00,0.0,0.0
2022-11-21 11:11:00,0.0,0.0
2022-11-21 11:12:00,0.0,0.0
2022-11-21 11:13:00,0.0,0.0
2022-11-21 11:14:00,0.0,0.0
2022-11-21 11:15:00,0.0,0.0
2022-11-21 11:16:00,0.0,0.0
2022-11-21 11:17:00,0.0,0.0
2022-11-21 11:18:00,0.0,0.0
2022-11-21 11:19:00,0.0,0.0
2022-11-21 11:20:00,0.0,0.0
2022-11-21 11:21:00,0.0,0.0
2022-11-21 11:22:00,0.0,0.0
2022-11-21 11:23:00,0.0,0.0
2022-11-21 11:24:00,0.0,0.0
2022-11-21 11:25:00,0.0,0.0
2022-11-21 11:26:00,0.0,0.0
2022-11-21 11:27:00,0.0,0.0
2022-11-21 11:28:00,0.0,0.0
2022-11-21 11:29:00,0.0,0.0
2022-11-21 11:30:00,0.0,0.0
2022-11-21 11:31:00,0.0,0.0
2022-11-21 11:32:00,0.0,0.0
2022-11-21 11:33:00,0.0,0.0
2022-11-21 11:34:00,0.0,0.0
2022-11-21 11:35:00,0.0,0.0
2022-11-21 11:36:00,0.0,0.0
2022-11-21 11:37:00,0.0,0.0
2022-11-21 11:38:00,0.0,0.0
2022-11-21 11:39:00,0.0,0.0
2022-11-21 11:40:00,0.0,0.0
2022-11-21 11:41:00,0.0,0.0
2022-11-21 11:42:00,0.0,0.0
2022-11-21 11:43:00,0.0,0.0
2022-11-21 11:44:00,0.0,0.0
2022-11-21 11:45:00,0.0,0.0
2022-11-21 11:46:00,0.0,0.0
2022-11-21 11:47:00,0.0,0.0
2022-11-21 11:48:00,0.0,0.0
2022-11-21 11:49:00,0.0,0.0
2022-11-21 11:50:00,0.0,0.0
2022-11-21 11:51:00,0.0,0.0
2022-11-21 11:52:00,0.0,0.0
2022-11-21 11:53:00,0.0,0.0
2022-11-21 11:54:00,0.0,0.0
2022-11-21 11:55:00,0.0,0.0
2022-11-21 11:56:00,0.0,0.0
2022-11-21 11:57:00,0.0,0.0
2022-11-21 11:58:00,0.0,0.0
2022-11-21 11:59:00,0.0,0.0
2022-11-21 12:00:00,0.0,0.0
2022-11-21 12:01:00,0.0,0.0
2022-11-21 12:02:00,0.0,0.0
2022-11-21 12:03:00,0.0,0.0
2022-11-21 12:04:00,0.0,0.0
2022-11-21 12:05:00,0.0,0.0
2022-11-21 12:06:00,0.0,0.0
2022-11-21 12:07:00,0.0,0.0
2022-11-21 12:08:00,0.0,0.0
2022-11-21 12:09:00,0.0,0.0
2022-11-21 12:10:00,0.0,0.0
2022-11-21 12:11:00,0.0,0.0
2022-11-21 12:12:00,0.0,0.0
2022-11-21 12:13:00,0.0,0.0
2022-11-21 12:14:00,0.0,0.0
2022-11-21 12:15:00,0.0,0.0
2022-11-21 12:16:00,0.0,0.0
2022-11-21 12:17:00,0.0,0.0
2022-11-21 12:18:00,0.0,0.0
2022-11-21 12:19:00,0.0,0.0
2022-11-21 12:20:00,0.0,0.0
2022-11-21 12:21:00,0.0,0.0
2022-11-21 12:22:00,0.0,0.0
2022-11-21 12:23:00,0.0,0.0
2022-11-21 12:24:00,0.0,0.0
2022-11-21 12:25:00,0.0,0.0
2022-11-21 12:26:00,0.0,0.0
2022-11-21 12:27:00,0.0,0.0
2022-11-21 12:28:00,0.0,0.0
2022-11-21 12:29:00,0.0,0.0
2022-11-21 12:30:00,0.0,0.0
2022-11-21 12:31:00,0.0,0.0
2022-11-21 12:32:00,0.0,0.0
2022-11-21 12:33:00,0.0,0.0
2022-11-21 12:34:00,0.0,0.0
2022-11-21 12:35:00,0.0,0.0
2022-11-21 12:36:00,0.0,0.0
2022-11-21 12:37:00,0.0,0.0
2022-11-21 12:38:00,0.0,0.0
2022-11-21 12:39:00,0.0,0.0
2022-11-21 12:40:00,0.0,0.0
2022-11-21 12:41:00,0.0,0.0
2022-11-21 12:42:00,0.0,0.0
2022-11-21 12:43:00,0.0,0.0
2022-11-21 12:44:00,0.0,0.0
2022-11-21 12:45:00,0.0,0.0
2022-11-21 12:46:00,0.0,0.0
2022-11-21 12:47:00,0.0,0.0
2022-11-21 12:48:00,0.0,0.0
2022-11-21 12:49:00,0.0,0.0
2022-11-21 12:50:00,0.0,0.0
2022-11-21 12:51:00,0.0,0.0
2022-11-21 12:52:00,0.0,0.0
2022-11-21 12:53:00,0.0,0.0
2022-11-21 12:54:00,0.0,0.0
2022-11-21 12:55:00,0.0,0.0
2022-11-21 12:56:00,0.0,0.0
2022-11-21 12:57:00,0.0,0.0
2022-11-21 12:58:00,0.0,0.0
2022-11-21 12:59:00,0.0,0.0
2022-11-21 13:00:00,0.0,0.0
2022-11-21 13:01:00,0.0,0.0
2022-11-21 13:02:00,0.0,0.0
2022-11-21 13:03:00,0.0,0.0
2022-11-21 13:04:00,0.0,0.0
2022-11-21 13:05:00,0.0,0.0
2022-11-21 13:06:00,0.0,0.0
2022-11-21 13:07:00,0.0,0.0
2022-11-21 13:08:00,0.0,0.0
2022-11-21 13:09:00,0.0,0.0
2022-11-21 13:10:00,0.0,0.0
2022-11-21 13:11:00,0.0,0.0
2022-11-21 13:12:00,0.0,0.0
2022-11-21 13:13:00,0.0,0.0
2022-11-21 13:14:00,0.0,0.0
2022-11-21 13:15:00,0.0,0.0
2022-11-21 13:16:00,0.0,0.0
2022-11-21 13:17:00,0.0,0.0
2022-11-21 13:18:00,0.0,0.0
2022-11-21 13:19:00,0.0,0.0
2022-11-21 13:20:00,0.0,0.0
2022-11-21 13:21:00,0.0,0.0
2022-11-21 13:22:00,0.0,0.0
2022-11-21 13:23:00,0.0,0.0
2022-11-21 13:24:00,0.0,0.0
2022-11-21 13:25:00,0.0,0.0
2022-11-21 13:26:00,0.0,0.0
2022-11-21 13:27:00,0.0,0.0
2022-11-21 13:28:00,0.0,0.0
2022-11-21 13:29:00,0.0,0.0
2022-11-21 13:30:00,0.0,0.0
2022-11-21 13:31:00,0.0,0.0
2022-11-21 13:32:00,0.0,0.0
2022-11-21 13:33:00,0.0,0.0
2022-11-21 13:34:00,0.0,0.0
2022-11-21 13:35:00,0.0,0.0
2022-11-21 13:36:00,0.0,0.0
2022-11-21 13:37:00,0.0,0.0
2022-11-21 13:38:00,0.0,0.0
2022-11-21 13:39:00,0.0,0.0
2022-11-21 13:40:00,0.0,0.0
2022-11-21 13:41:00,0.0,0.0
2022-11-21 13:42:00,0.0,0.0
2022-11-21 13:43:00,0.0,0.0
2022-11-21 13:44:00,0.0,0.0
2022-11-21 13:45:00,0.0,0.0
2022-11-21 13:46:00,0.0,0.0
2022-11-21 13:47:00,0.0,0.0
2022-11-21 13:48:00,0.0,0.0
2022-11-21 13:49:00,0.0,0.0
2022-11-21 13:50:00,0.0,0.0
2022-11-21 13:51:00,0.0,0.0
2022-11-21 13:52:00,0.0,0.0
2022-11-21 13:53:00,0.0,0.0
2022-11-21 13:54:00,0.0,0.0
2022-11-21 13:55:00,0.0,0.0
2022-11-21 13:56:00,0.0,0.0
2022-11-21 13:57:00,0.0,0.0
2022-11-21 13:58:00,0.0,0.0
2022-11-21 13:59:00,0.0,0.0
2022-11-21 14:00:00,0.0,0.0
2022-11-21 14:01:00,0.0,0.0
2022-11-21 14:02:00,0.0,0.0
2022-11-21 14:03:00,0.0,0.0
2022-11-21 14:04:00,0.0,0.0
2022-11-21 14:05:00,0.0,0.0
2022-11-21 14:06:00,0.0,0.0
2022-11-21 14:07:00,0.0,0.0
2022-11-21 14:08:00,0.0,0.0
2022-11-21 14:09:00,0.0,0.0
2022-11-21 14:10:00,0.0,0.0
2022-11-21 14:11:00,0.0,0.0
2022-11-21 14:12:00,0.0,0.0
2022-11-21 14:13:00,0.0,0.0
2022-11-21 14:14:00,0.0,0.0
2022-11-21 14:15:00,0.0,0.0
2022-11-21 14:16:00,0.0,0.0
2022-11-21 14:17:00,0.0,0.0
2022-11-21 14:18:00,0.0,0.0
2022-11-21 14:19:00,0.0,0.0
2022-11-21 14:20:00,0.0,0.0
2022-11-21 14:21:00,0.0,0.0
2022-11-21 14:22:00,0.0,0.0
2022-11-21 14:23:00,0.0,0.0
2022-11-21 14:24:00,0.0,0.0
2022-11-21 14:25:00,0.0,0.0
2022-11-21 14:26:00,0.0,0.0
2022-11-21 14:27:00,0.0,0.0
2022-11-21 14:28:00,0.0,0.0
2022-11-21 14:29:00,0.0,0.0
2022-11-21 14:30:00,0.0,0.0
2022-11-21 14:31:00,0.0,0.0
2022-11-21 14:32:00,0.0,0.0
2022-11-21 14:33:00,0.0,0.0
2022-11-21 14:34:00,0.0,0.0
2022-11-21 14:35:00,0.0,0.0
2022-11-21 14:36:00,0.0,0.0
2022-11-21 14:37:00,0.0,0.0
2022-11-21 14:38:00,0.0,0.0
2022-11-21 14:39:00,0.0,0.0
2022-11-21 14:40:00,0.0,0.0
2022-11-21 14:41:00,0.0,0.0
2022-11-21 14:42:00,0.0,0.0
2022-11-21 14:43:00,0.0,0.0
2022-11-21 14:44:00,0.0,0.0
2022-11-21 14:45:00,0.0,0.0
2022-11-21 14:46:00,0.0,0.0
2022-11-21 14:47:00,0.0,0.0
2022-11-21 14:48:00,0.0,0.0
2022-11-21 14:49:00,0.0,0.0
2022-11-21 14:50:00,0.0,0.0
2022-11-21 14:51:00,0.0,0.0
2022-11-21 14:52:00,0.0,0.0
2022-11-21 14:53:00,0.0,0.0
2022-11-21 14:54:00,0.0,0.0
2022-11-21 14:55:00,0.0,0.0
2022-11-21 14:56:00,0.0,0.0
2022-11-21 14:57:00,0.0,0.0
2022-11-21 14:58:00,0.0,0.0
2022-11-21 14:59:00,0.0,0.0
2022-11-21 15:00:00,0.0,0.0
2022-11-21 15:01:00,0.0,0.0
2022-11-21 15:02:00,0.0,0.0
2022-11-21 15:03:00,0.0,0.0
2022-11-21 15:04:00,0.0,0.0
2022-11-21 15:05:00,0.0,0.0
2022-11-21 15:06:00,0.0,0.0
2022-11-21 15:07:00,0.0,0.0
2022-11-21 15:08:00,0.0,0.0
2022-11-21 15:09:00,0.0,0.0
2022-11-21 15:10:00,0.0,0.0
2022-11-21 15:11:00,0.0,0.0
2022-11-21 15:12:00,0.0,0.0
2022-11-21 15:13:00,0.0,0.0
2022-11-21 15:14:00,0.0,0.0
2022-11-21 15:15:00,0.0,0.0
2022-11-21 15:16:00,0.0,0.0
2022-11-21 15:17:00,0.0,0.0
2022-11-21 15:18:00,0.0,0.0
2022-11-21 15:19:00,0.0,0.0
2022-11-21 15:20:00,0.0,0.0
2022-11-21 15:21:00,0.0,0.0
2022-11-21 15:22:00,0.0,0.0
2022-11-21 15:23:00,0.0,0.0
2022-11-21 15:24:00,0.0,0.0
2022-11-21 15:25:00,0.0,0.0
2022-11-21 15:26:00,0.0,0.0
2022-11-21 15:27:00,0.0,0.0
2022-11-21 15:28:00,0.0,0.0
2022-11-21 15:29:00,0.0,0.0
2022-11-21 15:30:00,0.0,0.0
2022-11-21 15:31:00,0.0,0.0
2022-11-21 15:32:00,0.0,0.0
2022-11-21 15:33:00,0.0,0.0
2022-11-21 15:34:00,0.0,0.0
2022-11-21 15:35:00,0.0,0.0
2022-11-21 15:36:00,0.0,0.0
2022-11-21 15:37:00,0.0,0.0
2022-11-21 15:38:00,0.0,0.0
2022-11-21 15:39:00,0.0,0.0
2022-11-21 15:40:00,0.0,0.0
2022-11-21 15:41:00,0.0,0.0
2022-11-21 15:42:00,0.0,0.0
2022-11-21 15:43:00,0.0,0.0
2022-11-21 15:44:00,0.0,0.0
2022-11-21 15:45:00,0.0,0.0
2022-11-21 15:46:00,0.0,0.0
2022-11-21 15:47:00,0.0,0.0
2022-11-21 15:48:00,0.0,0.0
2022-11-21 15:49:00,0.0,0.0
2022-11-21 15:50:00,0.0,0.0
2022-11-21 15:51:00,0.0,0.0
2022-11-21 15:52:00,0.0,0.0
2022-11-21 15:53:00,0.0,0.0
2022-11-21 15:54:00,0.0,0.0
2022-11-21 15:55:00,0.0,0.0
2022-11-21 15:56:00,0.0,0.0
2022-11-21 15:57:00,0.0,0.0
2022-11-21 15:58:00,0.0,0.0
2022-11-21 15:59:00,0.0,0.0
2022-11-22 09:30:00,0.0,0.0
2022-11-22 09:31:00,0.0,0.0
2022-11-22 09:32:00,0.0,0.0
2022-11-22 09:33:00,0.0,0.0
2022-11-22 09:34:00,0.0,0.0
2022-11-22 09:35:00,0.0,0.0
2022-11-22 09:36:00,0.0,0.0
2022-11-22 09:37:00,0.0,0.0
2022-11-22 09:38:00,0.0,0.0
2022-11-22 09:39:00,0.0,0.0
2022-11-22 09:40:00,0.0,0.0
2022-11-22 09:41:00,0.0,0.0
2022-11-22 09:42:00,0.0,0.0
2022-11-22 09:43:00,0.0,0.0
2022-11-22 09:44:00,0.0,0.0
2022-11-22 09:45:00,0.0,0.0
2022-11-22 09:46:00,0.0,0.0
2022-11-22 09:47:00,0.0,0.0
2022-11-22 09:48:00,0.0,0.0
2022-11-22 09:49:00,0.0,0.0
2022-11-22 09:50:00,0.0,0.0
2022-11-22 09:51:00,0.0,0.0
2022-11-22 09:52:00,0.0,0.0
2022-11-22 09:53:00,0.0,0.0
2022-11-22 09:54:00,0.0,0.0
2022-11-22 09:55:00,0.0,0.0
2022-11-22 09:56:00,0.0,0.0
2022-11-22 09:57:00,0.0,0.0
2022-11-22 09:58:00,0.0,0.0
2022-11-22 09:59:00,0.0,0.0
2022-11-22 10:00:00,0.0,0.0
2022-11-22 10:01:00,0.0,0.0
2022-11-22 10:02:00,0.0,0.0
2022-11-22 10:03:00,0.0,0.0
2022-11-22 10:04:00,0.0,0.0
2022-11-22 10:05:00,0.0,0.0
2022-11-22 10:06:00,0.0,0.0
2022-11-22 10:07:00,0.0,0.0
2022-11-22 10:08:00,0.0,0.0
2022-11-22 10:09:00,0.0,0.0
2022-11-22 10:10:00,0.0,0.0
2022-11-22 10:11:00,0.0,0.0
2022-11-22 10:12:00,0.0,0.0
2022-11-22 10:13:00,0.0,0.0
2022-11-22 10:14:00,0.0,0.0
2022-11-22 10:15:00,0.0,0.0
2022-11-22 10:16:00,0.0,0.0
2022-11-22 10:17:00,0.0,0.0
2022-11-22 10:18:00,0.0,0.0
2022-11-22 10:19:00,0.0,0.0
2022-11-22 10:20:00,0.0,0.0
2022-11-22 10:21:00,0.0,0.0
2022-11-22 10:22:00,0.0,0.0
2022-11-22 10:23:00,0.0,0.0
2022-11-22 10:24:00,0.0,0.0
2022-11-22 10:25:00,0.0,0.0
2022-11-22 10:26:00,0.0,0.0
2022-11-22 10:27:00,0.0,0.0
2022-11-22 10:28:00,0.0,0.0
2022-11-22 10:29:00,0.0,0.0
2022-11-22 10:30:00,0.0,0.0
2022-11-22 10:31:00,0.0,0.0
2022-11-22 10:32:00,0.0,0.0
2022-11-22 10:33:00,0.0,0.0
2022-11-22 10:34:00,0.0,0.0
2022-11-22 10:35:00,0.0,0.0
2022-11-22 10:36:00,0.0,0.0
2022-11-22 10:37:00,0.0,0.0
2022-11-22 10:38:00,0.0,0.0
2022-11-22 10:39:00,0.0,0.0
2022-11-22 10:40:00,0.0,0.0
2022-11-22 10:41:00,0.0,0.0
2022-11-22 10:42:00,0.0,0.0
2022-11-22 10:43:00,0.0,0.0
2022-11-22 10:44:00,0.0,0.0
2022-11-22 10:45:00,0.0,0.0
2022-11-22 10:46:00,0.0,0.0
2022-11-22 10:47:00,0.0,0.0
2022-11-22 10:48:00,0.0,0.0
2022-11-22 10:49:00,0.0,0.0
2022-11-22 10:50:00,0.0,0.0
2022-11-22 10:51:00,0.0,0.0
2022-11-22 10:52:00,0.0,0.0
2022-11-22 10:53:00,0.0,0.0
2022-11-22 10:54:00,0.0,0.0
2022-11-22 10:55:00,0.0,0.0
2022-11-22 10:56:00,0.0,0.0
2022-11-22 10:57:00,0.0,0.0
2022-11-22 10:58:00,0.0,0.0
2022-11-22 10:59:00,0.0,0.0
2022-11-22 11:00:00,0.0,0.0
2022-11-22 11:01:00,0.0,0.0
2022-11-22 11:02:00,0.0,0.0
2022-11-22 11:03:00,0.0,0.0
2022-11-22 11:04:00,0.0,0.0
2022-11-22 11:05:00,0.0,0.0
2022-11-22 11:06:00,0.0,0.0
2022-11-22 11:07:00,0.0,0.0
2022-11-22 11:08:00,0.0,0.0
2022-11-22 11:09:00,0.0,0.0
2022-11-22 11:10:00,0.0,0.0
2022-11-22 11:11:00,0.0,0.0
2022-11-22 11:12:00,0.0,0.0
2022-11-22 11:13:00,0.0,0.0
2022-11-22 11:14:00,0.0,0.0
2022-11-22 11:15:00,0.0,0.0
2022-11-22 11:16:00,0.0,0.0
2022-11-22 11:17:00,0.0,0.0
2022-11-22 11:18:00,0.0,0.0
2022-11-22 11:19:00,0.0,0.0
2022-11-22 11:20:00,0.0,0.0
2022-11-22 11:21:00,0.0,0.0
2022-11-22 11:22:00,0.0,0.0
2022-11-22 11:23:00,0.0,0.0
2022-11-22 11:24:00,0.0,0.0
2022-11-22 11:25:00,0.0,0.0
2022-11-22 11:26:00,0.0,0.0
2022-11-22 11:27:00,0.0,0.0
2022-11-22 11:28:00,0.0,0.0
2022-11-22 11:29:00,0.0,0.0
2022-11-22 11:30:00,0.0,0.0
2022-11-22 11:31:00,0.0,0.0
2022-11-22 11:32:00,0.0,0.0
2022-11-22 11:33:00,0.0,0.0
2022-11-22 11:34:00,0.0,0.0
2022-11-22 11:35:00,0.0,0.0
2022-11-22 11:36:00,0.0,0.0
2022-11-22 11:37:00,0.0,0.0
2022-11-22 11:38:00,0.0,0.0
2022-11-22 11:39:00,0.0,0.0
2022-11-22 11:40:00,0.0,0.0
2022-11-22 11:41:00,0.0,0.0
2022-11-22 11:42:00,0.0,0.0
2022-11-22 11:43:00,0.0,0.0
2022-11-22 11:44:00,0.0,0.0
2022-11-22 11:45:00,0.0,0.0
2022-11-22 11:46:00,0.0,0.0
2022-11-22 11:47:00,0.0,0.0
2022-11-22 11:48:00,0.0,0.0
2022-11-22 11:49:00,0.0,0.0
2022-11-22 11:50:00,0.0,0.0
2022-11-22 11:51:00,0.0,0.0
2022-11-22 11:52:00,0.0,0.0
2022-11-22 11:53:00,0.0,0.0
2022-11-22 11:54:00,0.0,0.0
2022-11-22 11:55:00,0.0,0.0
2022-11-22 11:56:00,0.0,0.0
2022-11-22 11:57:00,0.0,0.0
2022-11-22 11:58:00,0.0,0.0
2022-11-22 11:59:00,0.0,0.0
2022-11-22 12:00:00,0.0,0.0
2022-11-22 12:01:00,0.0,0.0
2022-11-22 12:02:00,0.0,0.0
2022-11-22 12:03:00,0.0,0.0
2022-11-22 12:04:00,0.0,0.0
2022-11-22 12:05:00,0.0,0.0
2022-11-22 12:06:00,0.0,0.0
2022-11-22 12:07:00,0.0,0.0
2022-11-22 12:08:00,0.0,0.0
2022-11-22 12:09:00,0.0,0.0
2022-11-22 12:10:00,0.0,0.0
2022-11-22 12:11:00,0.0,0.0
2022-11-22 12:12:00,0.0,0.0
2022-11-22 12:13:00,0.0,0.0
2022-11-22 12:14:00,0.0,0.0
2022-11-22 12:15:00,0.0,0.0
2022-11-22 12:16:00,0.0,0.0
2022-11-22 12:17:00,0.0,0.0
2022-11-22 12:18:00,0.0,0.0
2022-11-22 12:19:00,0.0,0.0
2022-11-22 12:20:00,0.0,0.0
2022-11-22 12:21:00,0.0,0.0
2022-11-22 12:22:00,0.0,0.0
2022-11-22 12:23:00,0.0,0.0
2022-11-22 12:24:00,0.0,0.0
2022-11-22 12:25:00,0.0,0.0
2022-11-22 12:26:00,0.0,0.0
2022-11-22 12:27:00,0.0,0.0
2022-11-22 12:28:00,0.0,0.0
2022-11-22 12:29:00,0.0,0.0
2022-11-22 12:30:00,0.0,0.0
2022-11-22 12:31:00,0.0,0.0
2022-11-22 12:32:00,0.0,0.0
2022-11-22 12:33:00,0.0,0.0
2022-11-22 12:34:00,0.0,0.0
2022-11-22 12:35:00,0.0,0.0
2022-11-22 12:36:00,0.0,0.0
2022-11-22 12:37:00,0.0,0.0
2022-11-22 12:38:00,0.0,0.0
2022-11-22 12:39:00,0.0,0.0
2022-11-22 12:40:00,0.0,0.0
2022-11-22 12:41:00,0.0,0.0
2022-11-22 12:42:00,0.0,0.0
2022-11-22 12:43:00,0.0,0.0
2022-11-22 12:44:00,0.0,0.0
2022-11-22 12:45:00,0.0,0.0
2022-11-22 12:46:00,0.0,0.0
2022-11-22 12:47:00,0.0,0.0
2022-11-22 12:48:00,0.0,0.0
2022-11-22 12:49:00,0.0,0.0
2022-11-22 12:50:00,0.0,0.0
2022-11-22 12:51:00,0.0,0.0
2022-11-22 12:52:00,0.0,0.0
2022-11-22 12:53:00,0.0,0.0
2022-11-22 12:54:00,0.0,0.0
2022-11-22 12:55:00,0.0,0.0
2022-11-22 12:56:00,0.0,0.0
2022-11-22 12:57:00,0.0,0.0
2022-11-22 12:58:00,0.0,0.0
2022-11-22 12:59:00,0.0,0.0
2022-11-22 13:00:00,0.0,0.0
2022-11-22 13:01:00,0.0,0.0
2022-11-22 13:02:00,0.0,0.0
2022-11-22 13:03:00,0.0,0.0
2022-11-22 13:04:00,0.0,0.0
2022-11-22 13:05:00,0.0,0.0
2022-11-22 13:06:00,0.0,0.0
2022-11-22 13:07:00,0.0,0.0
2022-11-22 13:08:00,0.0,0.0
2022-11-22 13:09:00,0.0,0.0
2022-11-22 13:10:00,0.0,0.0
2022-11-22 13:11:00,0.0,0.0
2022-11-22 13:12:00,0.0,0.0
2022-11-22 13:13:00,0.0,0.0
2022-11-22 13:14:00,0.0,0.0
2022-11-22 13:15:00,0.0,0.0
2022-11-22 13:16:00,0.0,0.0
2022-11-22 13:17:00,0.0,0.0
2022-11-22 13:18:00,0.0,0.0
2022-11-22 13:19:00,0.0,0.0
2022-11-22 13:20:00,0.0,0.0
2022-11-22 13:21:00,0.0,0.0
2022-11-22 13:22:00,0.0,0.0
2022-11-22 13:23:00,0.0,0.0
2022-11-22 13:24:00,0.0,0.0
2022-11-22 13:25:00,0.0,0.0
2022-11-22 13:26:00,0.0,0.0
2022-11-22 13:27:00,0.0,0.0
2022-11-22 13:28:00,0.0,0.0
2022-11-22 13:29:00,0.0,0.0
2022-11-22 13:30:00,0.0,0.0
2022-11-22 13:31:00,0.0,0.0
2022-11-22 13:32:00,0.0,0.0
2022-11-22 13:33:00,0.0,0.0
2022-11-22 13:34:00,0.0,0.0
2022-11-22 13:35:00,0.0,0.0
2022-11-22 13:36:00,0.0,0.0
2022-11-22 13:37:00,0.0,0.0
2022-11-22 13:38:00,0.0,0.0
2022-11-22 13:39:00,0.0,0.0
2022-11-22 13:40:00,0.0,0.0
2022-11-22 13:41:00,0.0,0.0
2022-11-22 13:42:00,0.0,0.0
2022-11-22 13:43:00,0.0,0.0
2022-11-22 13:44:00,0.0,0.0
2022-11-22 13:45:00,0.0,0.0
2022-11-22 13:46:00,0.0,0.0
2022-11-22 13:47:00,0.0,0.0
2022-11-22 13:48:00,0.0,0.0
2022-11-22 13:49:00,0.0,0.0
2022-11-22 13:50:00,0.0,0.0
2022-11-22 13:51:00,0.0,0.0
2022-11-22 13:52:00,0.0,0.0
2022-11-22 13:53:00,0.0,0.0
2022-11-22 13:54:00,0.0,0.0
2022-11-22 13:55:00,0.0,0.0
2022-11-22 13:56:00,0.0,0.0
2022-11-22 13:57:00,0.0,0.0
2022-11-22 13:58:00,0.0,0.0
2022-11-22 13:59:00,0.0,0.0
2022-11-22 14:00:00,0.0,0.0
2022-11-22 14:01:00,0.0,0.0
2022-11-22 14:02:00,0.0,0.0
2022-11-22 14:03:00,0.0,0.0
2022-11-22 14:04:00,0.0,0.0
2022-11-22 14:05:00,0.0,0.0
2022-11-22 14:06:00,0.0,0.0
2022-11-22 14:07:00,0.0,0.0
2022-11-22 14:08:00,0.0,0.0
2022-11-22 14:09:00,0.0,0.0
2022-11-22 14:10:00,0.0,0.0
2022-11-22 14:11:00,0.0,0.0
2022-11-22 14:12:00,0.0,0.0
2022-11-22 14:13:00,0.0,0.0
2022-11-22 14:14:00,0.0,0.0
2022-11-22 14:15:00,0.0,0.0
2022-11-22 14:16:00,0.0,0.0
2022-11-22 14:17:00,0.0,0.0
2022-11-22 14:18:00,0.0,0.0
2022-11-22 14:19:00,0.0,0.0
2022-11-22 14:20:00,0.0,0.0
2022-11-22 14:21:00,0.0,0.0
2022-11-22 14:22:00,0.0,0.0
2022-11-22 14:23:00,0.0,0.0
2022-11-22 14:24:00,0.0,0.0
2022-11-22 14:25:00,0.0,0.0
2022-11-22 14:26:00,0.0,0.0
2022-11-22 14:27:00,0.0,0.0
2022-11-22 14:28:00,0.0,0.0
2022-11-22 14:29:00,0.0,0.0
2022-11-22 14:30:00,0.0,0.0
2022-11-22 14:31:00,0.0,0.0
2022-11-22 14:32:00,0.0,0.0
2022-11-22 14:33:00,0.0,0.0
2022-11-22 14:34:00,0.0,0.0
2022-11-22 14:35:00,0.0,0.0
2022-11-22 14:36:00,0.0,0.0
2022-11-22 14:37:00,0.0,0.0
2022-11-22 14:38:00,0.0,0.0
2022-11-22 14:39:00,0.0,0.0
2022-11-22 14:40:00,0.0,0.0
2022-11-22 14:41:00,0.0,0.0
2022-11-22 14:42:00,0.0,0.0
2022-11-22 14:43:00,0.0,0.0
2022-11-22 14:44:00,0.0,0.0
2022-11-22 14:45:00,0.0,0.0
2022-11-22 14:46:00,0.0,0.0
2022-11-22 14:47:00,0.0,0.0
2022-11-22 14:48:00,0.0,0.0
2022-11-22 14:49:00,0.0,0.0
2022-11-22 14:50:00,0.0,0.0
2022-11-22 14:51:00,0.0,0.0
2022-11-22 14:52:00,0.0,0.0
2022-11-22 14:53:00,0.0,0.0
2022-11-22 14:54:00,0.0,0.0
2022-11-22 14:55:00,0.0,0.0
2022-11-22 14:56:00,0.0,0.0
2022-11-22 14:57:00,0.0,0.0
2022-11-22 14:58:00,0.0,0.0
2022-11-22 14:59:00,0.0,0.0
2022-11-22 15:00:00,0.0,0.0
2022-11-22 15:01:00,0.0,0.0
2022-11-22 15:02:00,0.0,0.0
2022-11-22 15:03:00,0.0,0.0
2022-11-22 15:04:00,0.0,0.0
2022-11-22 15:05:00,0.0,0.0
2022-11-22 15:06:00,0.0,0.0
2022-11-22 15:07:00,0.0,0.0
2022-11-22 15:08:00,0.0,0.0
2022-11-22 15:09:00,0.0,0.0
2022-11-22 15:10:00,0.0,0.0
2022-11-22 15:11:00,0.0,0.0
2022-11-22 15:12:00,0.0,0.0
2022-11-22 15:13:00,0.0,0.0
2022-11-22 15:14:00,0.0,0.0
2022-11-22 15:15:00,0.0,0.0
2022-11-22 15:16:00,0.0,0.0
2022-11-22 15:17:00,0.0,0.0
2022-11-22 15:18:00,0.0,0.0
2022-11-22 15:19:00,0.0,0.0
2022-11-22 15:20:00,0.0,0.0
2022-11-22 15:21:00,0.0,0.0
2022-11-22 15:22:00,0.0,0.0
2022-11-22 15:23:00,0.0,0.0
2022-11-22 15:24:00,0.0,0.0
2022-11-22 15:25:00,0.0,0.0
2022-11-22 15:26:00,0.0,0.0
2022-11-22 15:27:00,0.0,0.0
2022-11-22 15:28:00,0.0,0.0
2022-11-22 15:29:00,0.0,0.0
2022-11-22 15:30:00,0.0,0.0
2022-11-22 15:31:00,0.0,0.0
2022-11-22 15:32:00,0.0,0.0
2022-11-22 15:33:00,0.0,0.0
2022-11-22 15:34:00,0.0,0.0
2022-11-22 15:35:00,0.0,0.0
2022-11-22 15:36:00,0.0,0.0
2022-11-22 15:37:00,0.0,0.0
2022-11-22 15:38:00,0.0,0.0
2022-11-22 15:39:00,0.0,0.0
2022-11-22 15:40:00,0.0,0.0
2022-11-22 15:41:00,0.0,0.0
2022-11-22 15:42:00,0.0,0.0
2022-11-22 15:43:00,0.0,0.0
2022-11-22 15:44:00,0.0,0.0
2022-11-22 15:45:00,0.0,0.0
2022-11-22 15:46:00,0.0,0.0
2022-11-22 15:47:00,0.0,0.0
2022-11-22 15:48:00,0.0,0.0
2022-11-22 15:49:00,0.0,0.0
2022-11-22 15:50:00,0.0,0.0
2022-11-22 15:51:00,0.0,0.0
2022-11-22 15:52:00,0.0,0.0
2022-11-22 15:53:00,0.0,0.0
2022-11-22 15:54:00,0.0,0.0
2022-11-22 15:55:00,0.0,0.0
2022-11-22 15:56:00,0.0,0.0
2022-11-22 15:57:00,0.0,0.0
2022-11-22 15:58:00,0.0,0.0
2022-11-22 15:59:00,0.0,0.0
2022-11-23 09:30:00,0.0,0.0
2022-11-23 09:31:00,0.0,0.0
2022-11-23 09:32:00,0.0,0.0
2022-11-23 09:33:00,0.0,0.0
2022-11-23 09:34:00,0.0,0.0
2022-11-23 09:35:00,0.0,0.0
2022-11-23 09:36:00,0.0,0.0
2022-11-23 09:37:00,0.0,0.0
2022-11-23 09:38:00,0.0,0.0
2022-11-23 09:39:00,0.0,0.0
2022-11-23 09:40:00,0.0,0.0
2022-11-23 09:41:00,0.0,0.0
2022-11-23 09:42:00,0.0,0.0
2022-11-23 09:43:00,0.0,0.0
2022-11-23 09:44:00,0.0,0.0
2022-11-23 09:45:00,0.0,0.0
2022-11-23 09:46:00,0.0,0.0
2022-11-23 09:47:00,0.0,0.0
2022-11-23 09:48:00,0.0,0.0
2022-11-23 09:49:00,0.0,0.0
2022-11-23 09:50:00,0.0,0.0
2022-11-23 09:51:00,0.0,0.0
2022-11-23 09:52:00,0.0,0.0
2022-11-23 09:53:00,0.0,0.0
2022-11-23 09:54:00,0.0,0.0
2022-11-23 09:55:00,0.0,0.0
2022-11-23 09:56:00,0.0,0.0
2022-11-23 09:57:00,0.0,0.0
2022-11-23 09:58:00,0.0,0.0
2022-11-23 09:59:00,0.0,0.0
2022-11-23 10:00:00,0.0,0.0
2022-11-23 10:01:00,0.0,0.0
2022-11-23 10:02:00,0.0,0.0
2022-11-23 10:03:00,0.0,0.0
2022-11-23 10:04:00,0.0,0.0
2022-11-23 10:05:00,0.0,0.0
2022-11-23 10:06:00,0.0,0.0
2022-11-23 10:07:00,0.0,0.0
2022-11-23 10:08:00,0.0,0.0
2022-11-23 10:09:00,0.0,0.0
2022-11-23 10:10:00,0.0,0.0
2022-11-23 10:11:00,0.0,0.0
2022-11-23 10:12:00,0.0,0.0
2022-11-23 10:13:00,0.0,0.0
2022-11-23 10:14:00,0.0,0.0
2022-11-23 10:15:00,0.0,0.0
2022-11-23 10:16:00,0.0,0.0
2022-11-23 10:17:00,0.0,0.0
2022-11-23 10:18:00,0.0,0.0
2022-11-23 10:19:00,0.0,0.0
2022-11-23 10:20:00,0.0,0.0
2022-11-23 10:21:00,0.0,0.0
2022-11-23 10:22:00,0.0,0.0
2022-11-23 10:23:00,0.0,0.0
2022-11-23 10:24:00,0.0,0.0
2022-11-23 10:25:00,0.0,0.0
2022-11-23 10:26:00,0.0,0.0
2022-11-23 10:27:00,0.0,0.0
2022-11-23 10:28:00,0.0,0.0
2022-11-23 10:29:00,0.0,0.0
2022-11-23 10:30:00,0.0,0.0
2022-11-23 10:31:00,0.0,0.0
2022-11-23 10:32:00,0.0,0.0
2022-11-23 10:33:00,0.0,0.0
2022-11-23 10:34:00,0.0,0.0
2022-11-23 10:35:00,0.0,0.0
2022-11-23 10:36:00,0.0,0.0
2022-11-23 10:37:00,0.0,0.0
2022-11-23 10:38:00,0.0,0.0
2022-11-23 10:39:00,0.0,0.0
2022-11-23 10:40:00,0.0,0.0
2022-11-23 10:41:00,0.0,0.0
2022-11-23 10:42:00,0.0,0.0
2022-11-23 10:43:00,0.0,0.0
2022-11-23 10:44:00,0.0,0.0
2022-11-23 10:45:00,0.0,0.0
2022-11-23 10:46:00,0.0,0.0
2022-11-23 10:47:00,0.0,0.0
2022-11-23 10:48:00,0.0,0.0
2022-11-23 10:49:00,0.0,0.0
2022-11-23 10:50:00,0.0,0.0
2022-11-23 10:51:00,0.0,0.0
2022-11-23 10:52:00,0.0,0.0
2022-11-23 10:53:00,0.0,0.0
2022-11-23 10:54:00,0.0,0.0
2022-11-23 10:55:00,0.0,0.0
2022-11-23 10:56:00,0.0,0.0
2022-11-23 10:57:00,0.0,0.0
2022-11-23 10:58:00,0.0,0.0
2022-11-23 10:59:00,0.0,0.0
2022-11-23 11:00:00,0.0,0.0
2022-11-23 11:01:00,0.0,0.0
2022-11-23 11:02:00,0.0,0.0
2022-11-23 11:03:00,0.0,0.0
2022-11-23 11:04:00,0.0,0.0
2022-11-23 11:05:00,0.0,0.0
2022-11-23 11:06:00,0.0,0.0
2022-11-23 11:07:00,0.0,0.0
2022-11-23 11:08:00,0.0,0.0
2022-11-23 11:09:00,0.0,0.0
2022-11-23 11:10:00,0.0,0.0
2022-11-23 11:11:00,0.0,0.0
2022-11-23 11:12:00,0.0,0.0
2022-11-23 11:13:00,0.0,0.0
2022-11-23 11:14:00,0.0,0.0
2022-11-23 11:15:00,0.0,0.0
2022-11-23 11:16:00,0.0,0.0
2022-11-23 11:17:00,0.0,0.0
2022-11-23 11:18:00,0.0,0.0
2022-11-23 11:19:00,0.0,0.0
2022-11-23 11:20:00,0.0,0.0
2022-11-23 11:21:00,0.0,0.0
2022-11-23 11:22:00,0.0,0.0
2022-11-23 11:23:00,0.0,0.0
2022-11-23 11:24:00,0.0,0.0
2022-11-23 11:25:00,0.0,0.0
2022-11-23 11:26:00,0.0,0.0
2022-11-23 11:27:00,0.0,0.0
2022-11-23 11:28:00,0.0,0.0
2022-11-23 11:29:00,0.0,0.0
2022-11-23 11:30:00,0.0,0.0
2022-11-23 11:31:00,0.0,0.0
2022-11-23 11:32:00,0.0,0.0
2022-11-23 11:33:00,0.0,0.0
2022-11-23 11:34:00,0.0,0.0
2022-11-23 11:35:00,0.0,0.0
2022-11-23 11:36:00,0.0,0.0
2022-11-23 11:37:00,0.0,0.0
2022-11-23 11:38:00,0.0,0.0
2022-11-23 11:39:00,0.0,0.0
2022-11-23 11:40:00,0.0,0.0
2022-11-23 11:41:00,0.0,0.0
2022-11-23 11:42:00,0.0,0.0
2022-11-23 11:43:00,0.0,0.0
2022-11-23 11:44:00,0.0,0.0
2022-11-23 11:45:00,0.0,0.0
2022-11-23 11:46:00,0.0,0.0
2022-11-23 11:47:00,0.0,0.0
2022-11-23 11:48:00,0.0,0.0
2022-11-23 11:49:00,0.0,0.0
2022-11-23 11:50:00,0.0,0.0
2022-11-23 11:51:00,0.0,0.0
2022-11-23 11:52:00,0.0,0.0
2022-11-23 11:53:00,0.0,0.0
2022-11-23 11:54:00,0.0,0.0
2022-11-23 11:55:00,0.0,0.0
2022-11-23 11:56:00,0.0,0.0
2022-11-23 11:57:00,0.0,0.0
2022-11-23 11:58:00,0.0,0.0
2022-11-23 11:59:00,0.0,0.0
2022-11-23 12:00:00,0.0,0.0
2022-11-23 12:01:00,0.0,0.0
2022-11-23 12:02:00,0.0,0.0
2022-11-23 12:03:00,0.0,0.0
2022-11-23 12:04:00,0.0,0.0
2022-11-23 12:05:00,0.0,0.0
2022-11-23 12:06:00,0.0,0.0
2022-11-23 12:07:00,0.0,0.0
2022-11-23 12:08:00,0.0,0.0
2022-11-23 12:09:00,0.0,0.0
2022-11-23 12:10:00,0.0,0.0
2022-11-23 12:11:00,0.0,0.0
2022-11-23 12:12:00,0.0,0.0
2022-11-23 12:13:00,0.0,0.0
2022-11-23 12:14:00,0.0,0.0
2022-11-23 12:15:00,0.0,0.0
2022-11-23 12:16:00,0.0,0.0
2022-11-23 12:17:00,0.0,0.0
2022-11-23 12:18:00,0.0,0.0
2022-11-23 12:19:00,0.0,0.0
2022-11-23 12:20:00,0.0,0.0
2022-11-23 12:21:00,0.0,0.0
2022-11-23 12:22:00,0.0,0.0
2022-11-23 12:23:00,0.0,0.0
2022-11-23 12:24:00,0.0,0.0
2022-11-23 12:25:00,0.0,0.0
2022-11-23 12:26:00,0.0,0.0
2022-11-23 12:27:00,0.0,0.0
2022-11-23 12:28:00,0.0,0.0
2022-11-23 12:29:00,0.0,0.0
2022-11-23 12:30:00,0.0,0.0
2022-11-23 12:31:00,0.0,0.0
2022-11-23 12:32:00,0.0,0.0
2022-11-23 12:33:00,0.0,0.0
2022-11-23 12:34:00,0.0,0.0
2022-11-23 12:35:00,0.0,0.0
2022-11-23 12:36:00,0.0,0.0
2022-11-23 12:37:00,0.0,0.0
2022-11-23 12:38:00,0.0,0.0
2022-11-23 12:39:00,0.0,0.0
2022-11-23 12:40:00,0.0,0.0
2022-11-23 12:41:00,0.0,0.0
2022-11-23 12:42:00,0.0,0.0
2022-11-23 12:43:00,0.0,0.0
2022-11-23 12:44:00,0.0,0.0
2022-11-23 12:45:00,0.0,0.0
2022-11-23 12:46:00,0.0,0.0
2022-11-23 12:47:00,0.0,0.0
2022-11-23 12:48:00,0.0,0.0
2022-11-23 12:49:00,0.0,0.0
2022-11-23 12:50:00,0.0,0.0
2022-11-23 12:51:00,0.0,0.0
2022-11-23 12:52:00,0.0,0.0
2022-11-23 12:53:00,0.0,0.0
2022-11-23 12:54:00,0.0,0.0
2022-11-23 12:55:00,0.0,0.0
2022-11-23 12:56:00,0.0,0.0
2022-11-23 12:57:00,0.0,0.0
2022-11-23 12:58:00,0.0,0.0
2022-11-23 12:59:00,0.0,0.0
2022-11-23 13:00:00,0.0,0.0
2022-11-23 13:01:00,0.0,0.0
2022-11-23 13:02:00,0.0,0.0
2022-11-23 13:03:00,0.0,0.0
2022-11-23 13:04:00,0.0,0.0
2022-11-23 13:05:00,0.0,0.0
2022-11-23 13:06:00,0.0,0.0
2022-11-23 13:07:00,0.0,0.0
2022-11-23 13:08:00,0.0,0.0
2022-11-23 13:09:00,0.0,0.0
2022-11-23 13:10:00,0.0,0.0
2022-11-23 13:11:00,0.0,0.0
2022-11-23 13:12:00,0.0,0.0
2022-11-23 13:13:00,0.0,0.0
2022-11-23 13:14:00,0.0,0.0
2022-11-23 13:15:00,0.0,0.0
2022-11-23 13:16:00,0.0,0.0
2022-11-23 13:17:00,0.0,0.0
2022-11-23 13:18:00,0.0,0.0
2022-11-23 13:19:00,0.0,0.0
2022-11-23 13:20:00,0.0,0.0
2022-11-23 13:21:00,0.0,0.0
2022-11-23 13:22:00,0.0,0.0
2022-11-23 13:23:00,0.0,0.0
2022-11-23 13:24:00,0.0,0.0
2022-11-23 13:25:00,0.0,0.0
2022-11-23 13:26:00,0.0,0.0
2022-11-23 13:27:00,0.0,0.0
2022-11-23 13:28:00,0.0,0.0
2022-11-23 13:29:00,0.0,0.0
2022-11-23 13:30:00,0.0,0.0
2022-11-23 13:31:00,0.0,0.0
2022-11-23 13:32:00,0.0,0.0
2022-11-23 13:33:00,0.0,0.0
2022-11-23 13:34:00,0.0,0.0
2022-11-23 13:35:00,0.0,0.0
2022-11-23 13:36:00,0.0,0.0
2022-11-23 13:37:00,0.0,0.0
2022-11-23 13:38:00,0.0,0.0
2022-11-23 13:39:00,0.0,0.0
2022-11-23 13:40:00,0.0,0.0
2022-11-23 13:41:00,0.0,0.0
2022-11-23 13:42:00,0.0,0.0
2022-11-23 13:43:00,0.0,0.0
2022-11-23 13:44:00,0.0,0.0
2022-11-23 13:45:00,,
2022-11-23 13:46:00,0.0,0.0
2022-11-23 13:47:00,0.0,0.0
2022-11-23 13:48:00,0.0,0.0
2022-11-23 13:49:00,0.0,0.0
2022-11-23 13:50:00,0.0,0.0
2022-11-23 13:51:00,0.0,0.0
2022-11-23 13:52:00,0.0,0.0
2022-11-23 13:53:00,0.0,0.0
2022-11-23 13:54:00,0.0,0.0
2022-11-23 13:55:00,0.0,0.0
2022-11-23 13:56:00,0.0,0.0
2022-11-23 13:57:00,0.0,0.0
2022-11-23 13:58:00,0.0,0.0
2022-11-23 13:59:00,0.0,0.0
2022-11-23 14:00:00,0.0,0.0
2022-11-23 14:01:00,0.0,0.0
2022-11-23 14:02:00,0.0,0.0
2022-11-23 14:03:00,0.0,0.0
2022-11-23 14:04:00,0.0,0.0
2022-11-23 14:05:00,0.0,0.0
2022-11-23 14:06:00,0.0,0.0
2022-11-23 14:07:00,0.0,0.0
2022-11-23 14:08:00,0.0,0.0
2022-11-23 14:09:00,0.0,0.0
2022-11-23 14:10:00,0.0,0.0
2022-11-23 14:11:00,0.0,0.0
2022-11-23 14:12:00,0.0,0.0
2022-11-23 14:13:00,0.0,0.0
2022-11-23 14:14:00,0.0,0.0
2022-11-23 14:15:00,0.0,0.0
2022-11-23 14:16:00,0.0,0.0
2022-11-23 14:17:00,0.0,0.0
2022-11-23 14:18:00,0.0,0.0
2022-11-23 14:19:00,0.0,0.0
2022-11-23 14:20:00,0.0,0.0
2022-11-23 14:21:00,0.0,0.0
2022-11-23 14:22:00,0.0,0.0
2022-11-23 14:23:00,0.0,0.0
2022-11-23 14:24:00,0.0,0.0
2022-11-23 14:25:00,0.0,0.0
2022-11-23 14:26:00,0.0,0.0
2022-11-23 14:27:00,0.0,0.0
2022-11-23 14:28:00,0.0,0.0
2022-11-23 14:29:00,0.0,0.0
2022-11-23 14:30:00,0.0,0.0
2022-11-23 14:31:00,0.0,0.0
2022-11-23 14:32:00,0.0,0.0
2022-11-23 14:33:00,0.0,0.0
2022-11-23 14:34:00,0.0,0.0
2022-11-23 14:35:00,0.0,0.0
2022-11-23 14:36:00,0.0,0.0
2022-11-23 14:37:00,0.0,0.0
2022-11-23 14:38:00,0.0,0.0
2022-11-23 14:39:00,0.0,0.0
2022-11-23 14:40:00,0.0,0.0
2022-11-23 14:41:00,0.0,0.0
2022-11-23 14:42:00,0.0,0.0
2022-11-23 14:43:00,0.0,0.0
2022-11-23 14:44:00,0.0,0.0
2022-11-23 14:45:00,0.0,0.0
2022-11-23 14:46:00,0.0,0.0
2022-11-23 14:47:00,0.0,0.0
2022-11-23 14:48:00,0.0,0.0
2022-11-23 14:49:00,0.0,0.0
2022-11-23 14:50:00,0.0,0.0
2022-11-23 14:51:00,0.0,0.0
2022-11-23 14:52:00,0.0,0.0
2022-11-23 14:53:00,0.0,0.0
2022-11-23 14:54:00,0.0,0.0
2022-11-23 14:55:00,0.0,0.0
2022-11-23 14:56:00,0.0,0.0
2022-11-23 14:57:00,0.0,0.0
2022-11-23 14:58:00,0.0,0.0
2022-11-23 14:59:00,0.0,0.0
2022-11-23 15:00:00,0.0,0.0
2022-11-23 15:01:00,0.0,0.0
2022-11-23 15:02:00,0.0,0.0
2022-11-23 15:03:00,0.0,0.0
2022-11-23 15:04:00,0.0,0.0
2022-11-23 15:05:00,0.0,0.0
2022-11-23 15:06:00,0.0,0.0
2022-11-23 15:07:00,0.0,0.0
2022-11-23 15:08:00,0.0,0.0
2022-11-23 15:09:00,0.0,0.0
2022-11-23 15:10:00,0.0,0.0
2022-11-23 15:11:00,0.0,0.0
2022-11-23 15:12:00,0.0,0.0
2022-11-23 15:13:00,0.0,0.0
2022-11-23 15:14:00,0.0,0.0
2022-11-23 15:15:00,0.0,0.0
2022-11-23 15:16:00,0.0,0.0
2022-11-23 15:17:00,0.0,0.0
2022-11-23 15:18:00,0.0,0.0
2022-11-23 15:19:00,0.0,0.0
2022-11-23 15:20:00,0.0,0.0
2022-11-23 15:21:00,0.0,0.0
2022-11-23 15:22:00,0.0,0.0
2022-11-23 15:23:00,0.0,0.0
2022-11-23 15:24:00,0.0,0.0
2022-11-23 15:25:00,0.0,0.0
2022-11-23 15:26:00,0.0,0.0
2022-11-23 15:27:00,0.0,0.0
2022-11-23 15:28:00,0.0,0.0
2022-11-23 15:29:00,0.0,0.0
2022-11-23 15:30:00,0.0,0.0
2022-11-23 15:31:00,0.0,0.0
2022-11-23 15:32:00,0.0,0.0
2022-11-23 15:33:00,0.0,0.0
2022-11-23 15:34:00,0.0,0.0
2022-11-23 15:35:00,0.0,0.0
2022-11-23 15:36:00,0.0,0.0
2022-11-23 15:37:00,0.0,0.0
2022-11-23 15:38:00,0.0,0.0
2022-11-23 15:39:00,0.0,0.0
2022-11-23 15:40:00,0.0,0.0
2022-11-23 15:41:00,0.0,0.0
2022-11-23 15:42:00,0.0,0.0
2022-11-23 15:43:00,0.0,0.0
2022-11-23 15:44:00,0.0,0.0
2022-11-23 15:45:00,0.0,0.0
2022-11-23 15:46:00,0.0,0.0
2022-11-23 15:47:00,0.0,0.0
2022-11-23 15:48:00,0.0,0.0
2022-11-23 15:49:00,0.0,0.0
2022-11-23 15:50:00,0.0,0.0
2022-11-23 15:51:00,0.0,0.0
2022-11-23 15:52:00,0.0,0.0
2022-11-23 15:53:00,0.0,0.0
2022-11-23 15:54:00,0.0,0.0
2022-11-23 15:55:00,0.0,0.0
2022-11-23 15:56:00,0.0,0.0
2022-11-23 15:57:00,0.0,0.0
2022-11-23 15:58:00,0.0,0.0
2022-11-23 15:59:00,0.0,0.0
